id,name,cas,smi,lib,target,dataset
DTXSID9048512,Ro 23-7637,107071-66-9,O=C(CCCCCCCCc1cccnc1)N1CCC(C=C(c2ccccc2)c2ccccc2)CC1,ph2,-38.28973779,training
DTXSID8047395,"Diisononyl cyclohexane-1,2-dicarboxylate",166412-78-8,CC(C)CCCCCCOC(=O)C1CCCCC1C(=O)OCCCCCCC(C)C,ph2,-35.85672083,training
DTXSID4041232,"1,3,5-Triisopropylbenzene",717-74-8,CC(C)c1cc(C(C)C)cc(C(C)C)c1,e1k,-31.83722645,training
DTXSID5044493,1-[3-(Triethoxysilyl)propyl]urea,23779-32-0,CCO[Si](CCCNC(N)=O)(OCC)OCC,ph2,-29.48875759,training
DTXSID7037262,Pregnenolone carbonitrile,1434-54-4,CC(=O)C1[C@H](C#N)C[C@H]2[C@@H]3CC=C4C[C@@H](O)CC[C@]4(C)[C@H]3CC[C@]12C,e1k,-24.86300497,training
DTXSID6020480,Dimethoxane,828-00-2,CC(=O)OC1CC(C)OC(C)O1,ph2,-24.14254084,training
DTXSID0047325,SB413217A,NOCAS_47325,Cc1nc(-c2ccc3c(c2)CCN(CCC2CCC(NC(=O)/C=C/c4ccc(F)cc4)CC2)CC3)no1,ph2,-24.02960823,training
DTXSID4027991,1-Hexadecanol,36653-82-4,CCCCCCCCCCCCCCCCO,ph2,-22.41506647,training
DTXSID4024729,Carbendazim,10605-21-7,COC(=O)Nc1nc2ccccc2[nH]1,ph2,-20.78096546,training
DTXSID1024126,Heptachlor epoxide B,1024-57-3,ClC1=C(Cl)[C@]2(Cl)[C@@H]3[C@@H](Cl)[C@H]4O[C@H]4[C@@H]3C1(Cl)C2(Cl)Cl,ph2,-20.17404785,training
DTXSID2027333,3-Aminopropyltriethoxysilane,919-30-2,CCO[Si](CCCN)(OCC)OCC,e1k,-19.27543118,training
DTXSID3032620,Hexaflumuron,86479-06-3,O=C(NC(=O)c1c(F)cccc1F)Nc1cc(Cl)c(OC(F)(F)C(F)F)c(Cl)c1,ph2,-18.93140472,training
DTXSID0027640,Malic acid,6915-15-7,O=C(O)CC(O)C(=O)O,ph2,-18.74862374,training
DTXSID9025453,3-Methylbutyl acetate,123-92-2,CC(=O)OCCC(C)C,ph2,-18.72832853,training
DTXSID5021411,Tris(2-chloroethyl) phosphate,115-96-8,O=P(OCCCl)(OCCCl)OCCCl,ph2,-17.62705001,training
DTXSID2021440,Vinylpyrrolidone,88-12-0,C=CN1CCCC1=O,ph2,-17.6149018,training
DTXSID6020143,Benzoic acid,65-85-0,O=C(O)c1ccccc1,ph2,-17.10312297,training
DTXSID6024917,Diacetone alcohol,123-42-2,CC(=O)CC(C)(C)O,ph2,-16.99901526,training
DTXSID6047363,Volinanserin,139290-65-6,COc1cccc([C@H](O)C2CCN(CCc3ccc(F)cc3)CC2)c1OC,ph2,-16.85392021,training
DTXSID2047270,Besonprodil,253450-09-8,O=c1[nH]c2ccc([S+]([O-])CCN3CCC(Cc4ccc(F)cc4)CC3)cc2o1,ph2,-16.27240143,training
DTXSID5023825,Indium arsenide,1303-11-3,[As]#[In],ph2,-16.18121081,training
DTXSID2020006,Acetaminophen,103-90-2,CC(=O)Nc1ccc(O)cc1,ph2,-15.85680191,training
DTXSID8020040,Aldrin,309-00-2,ClC1=C(Cl)[C@]2(Cl)[C@H]3[C@H]([C@@H]4C=C[C@H]3C4)[C@@]1(Cl)C2(Cl)Cl,ph2,-15.03675444,training
DTXSID7026994,Dodecylbenzene,123-01-3,CCCCCCCCCCCCc1ccccc1,ph2,-13.6223162,training
DTXSID7021029,N-Nitrosodimethylamine,62-75-9,CN(C)N=O,ph2,-12.75913052,training
DTXSID1020431,"1,4-Dichlorobenzene",106-46-7,Clc1ccc(Cl)cc1,ph2,-12.72553699,training
DTXSID3020332,Citric acid,77-92-9,O=C(O)CC(O)(CC(=O)O)C(=O)O,ph2,-10.65723768,training
DTXSID9022524,Thalidomide,50-35-1,O=C1CCC(N2C(=O)c3ccccc3C2=O)C(=O)N1,ph2,-8.970396877,training
DTXSID9025293,2-Ethylhexanoic acid,149-57-5,CCCCC(CC)C(=O)O,ph2,-8.178371547,training
DTXSID1024049,Diflubenzuron,35367-38-5,O=C(NC(=O)c1c(F)cccc1F)Nc1ccc(Cl)cc1,e1k,-7.980764261,training
DTXSID2042060,Isoborneol,124-76-5,CC1(C)[C@@H]2CC[C@@]1(C)[C@H](O)C2,e1k,-7.800372057,training
DTXSID0021206,"1,2-Propylene glycol",57-55-6,CC(O)CO,ph2,-6.791602899,training
DTXSID2020713,Hydrochlorothiazide,58-93-5,NS(=O)(=O)c1cc2c(cc1Cl)NCNS2(=O)=O,ph2,-6.748070003,training
DTXSID6034186,Spironolactone,52-01-7,CC(=O)S[C@@H]1C=C2CC(=O)CC[C@]2(C)[C@H]2CC[C@@]3(C)[C@@H](CC[C@@]34CCC(=O)O4)[C@H]12,ph2,-5.935613682,training
DTXSID6024466,4-Aminobenzoic acid,150-13-0,Nc1ccc(C(=O)O)cc1,ph2,-5.857727007,training
DTXSID8026773,"1,3-Butanediol",107-88-0,CC(O)CCO,ph2,-5.782547074,training
DTXSID1033161,Aldicarb sulfoxide,1646-87-3,CNC(=O)ON=CC(C)(C)[S+](C)[O-],e1k,-5.718374915,training
DTXSID0020656,Gibberellic acid,77-06-5,C=C1C[C@]23C[C@]1(O)CC[C@H]2[C@@]12C=C[C@H](O)[C@@](C)(C(=O)O1)[C@H]2C3C(=O)O,e1k,-5.356107976,training
DTXSID0027983,Dipropylene glycol monomethyl ether,34590-94-8,COC(C)COCC(C)O,ph2,-5.340776786,training
DTXSID5024922,"1,6-Hexanediamine",124-09-4,NCCCCCCN,e1k,-5.108671994,training
DTXSID3021643,Octanal,124-13-0,CCCCCCCC=O,ph2,-4.855237476,training
DTXSID1020194,Boric acid (H3BO3),10043-35-3,OB(O)O,ph1_v2,-4.83635747,training
DTXSID5032654,"N,N'-Bis(1-formamido-2,2,2-trichloroethyl)piperazine",26644-46-2,O=CNC(N1CCN(C(NC=O)C(Cl)(Cl)Cl)CC1)C(Cl)(Cl)Cl,e1k,-4.778267254,training
DTXSID2020501,Methadone hydrochloride,1095-90-5,CCC(=O)C(CC(C)N(C)C)(c1ccccc1)c1ccccc1,ph2,-4.551512342,training
DTXSID9026261,"Tris(1,3-dichloro-2-propyl) phosphate",13674-87-8,O=P(OC(CCl)CCl)(OC(CCl)CCl)OC(CCl)CCl,ph2,-4.460036107,training
DTXSID2047355,Trelanserin,189003-92-7,NC(=O)Cn1c(=O)cc(CCN2CCN(c3nccc4sccc34)CC2)c2ccc(F)cc21,ph2,-4.24806906,training
DTXSID1024045,Diethyl sulfate,64-67-5,CCOS(=O)(=O)OCC,ph2,-4.014409035,training
DTXSID1020512,Dimethylcarbamoyl chloride,79-44-7,CN(C)C(=O)Cl,ph2,-3.909643788,training
DTXSID3021356,dl-alpha-Tocopheryl acetate,52225-20-4,CC(=O)Oc1c(C)c(C)c2c(c1C)CC[C@@](C)(CCC[C@H](C)CCC[C@H](C)CCCC(C)C)O2,e1k,-3.69491308,training
DTXSID6043709,Cyclopamine,4449-51-8,CC1=C2C[C@H]3[C@@H](CC=C4C[C@@H](O)CC[C@@]43C)[C@@H]2CC[C@]12O[C@@H]1C[C@H](C)CN[C@H]1[C@H]2C,ph2,-3.688849898,training
DTXSID5027982,Diisononyl adipate,33703-08-1,CC(C)CCCCCCOC(=O)CCCCC(=O)OCCCCCCC(C)C,ph2,-3.666796926,training
DTXSID7024081,Endothal,145-73-3,O=C(O)C1C2CCC(O2)C1C(=O)O,ph2,-3.395385839,training
DTXSID2025688,Morpholine,110-91-8,C1COCCN1,e1k,-2.362459186,training
DTXSID7020508,Dimethylarsinic acid,75-60-5,C[As](C)(=O)O,ph1_v2,-1.783178591,training
DTXSID5027304,Dimethyltin dichloride,753-73-1,C[Sn](C)(Cl)Cl,e1k,-1.683975225,training
DTXSID7027205,Octamethylcyclotetrasiloxane,556-67-2,C[Si]1(C)O[Si](C)(C)O[Si](C)(C)O[Si](C)(C)O1,ph2,-1.295147176,training
DTXSID3047138,tert-Butylbenzene,98-06-6,CC(C)(C)c1ccccc1,ph2,-1.198957428,training
DTXSID1021378,Trichloroacetic acid,76-03-9,O=C(O)C(Cl)(Cl)Cl,ph2,-0.877853749,training
DTXSID2023430,Pentaerythritol tetranitrate,78-11-5,O=[N+]([O-])OCC(CO[N+](=O)[O-])(CO[N+](=O)[O-])CO[N+](=O)[O-],e1k,-0.838004391,training
DTXSID1021821,2-Butanone oxime,96-29-7,CCC(C)=NO,ph2,-0.81034422,training
DTXSID1047287,UK-333747,197077-55-7,COCc1nnc(-c2ccc[n+]([O-])c2)n1-c1c(Cl)c(Cl)cc2[nH]c(=O)c(=O)[nH]c12,ph2,-0.774603175,training
DTXSID1022055,tert-Butyl acetate,540-88-5,CC(=O)OC(C)(C)C,e1k,-0.743264168,training
DTXSID1041847,Dibutyl decanedioate,109-43-3,CCCCOC(=O)CCCCCCCCC(=O)OCCCC,ph2,-0.470565327,training
DTXSID0020606,Bis(2-ethylhexyl)hexanedioate,103-23-1,CCCCC(CC)COC(=O)CCCCC(=O)OCC(CC)CCCC,ph2,-0.437478271,training
DTXSID4020240,Caprolactam,105-60-2,O=C1CCCCCN1,ph2,-0.222663537,training
DTXSID1032511,"1,3,5-Triethylhexahydro-s-triazine",7779-27-3,CCN1CN(CC)CN(CC)C1,e1k,0.161616166,training
DTXSID4025612,2-Methylpentanedinitrile,4553-62-2,CC(C#N)CCC#N,e1k,0.190895742,training
DTXSID6034924,Sodium trichloroacetate,650-51-1,O=C(O)C(Cl)(Cl)Cl,ph2,0.265418921,training
DTXSID8020462,Diethylene glycol,111-46-6,OCCOCCO,ph2,0.36293175,training
DTXSID3047267,CP-642931,NOCAS_47267,Cc1nc(C)nc(N2C[C@@H](C)N(c3ccnc([C@@H](C)O)n3)[C@@H](C)C2)n1,ph2,0.423342451,training
DTXSID4021006,N-Nitroso-N-methylurea,684-93-5,CN(N=O)C(N)=O,e1k,0.830329177,training
DTXSID6020359,Cyclohexanone,108-94-1,O=C1CCCCC1,ph2,1.020131499,training
DTXSID9026841,Dihexyl hexanedioate,110-33-8,CCCCCCOC(=O)CCCCC(=O)OCCCCCC,e1k,1.032266658,training
DTXSID2034962,Thiamethoxam,153719-23-4,CN1COCN(Cc2cnc(Cl)s2)C1=N[N+](=O)[O-],ph1_v2,1.037815839,training
DTXSID6047525,Pravastatin sodium,81131-70-6,CCC(C)C(=O)O[C@H]1C[C@H](O)C=C2C=C[C@H](C)[C@H](CC[C@@H](O)C[C@@H](O)CC(=O)O)[C@H]21,ph2,1.074638531,training
DTXSID7021653,Pentanal,110-62-3,CCCCC=O,ph2,1.169374692,training
DTXSID7024320,"1,2,4,5-Tetrachlorobenzene",95-94-3,Clc1cc(Cl)c(Cl)cc1Cl,ph2,1.48248393,training
DTXSID3021986,Tributyl phosphate,126-73-8,CCCCOP(=O)(OCCCC)OCCCC,ph2,1.489582657,training
DTXSID4041440,2-Methylbutyl isovalerate,2445-77-4,CCC(C)COC(=O)CC(C)C,e1k,1.554825489,training
DTXSID2026238,Trimethylamine,75-50-3,CN(C)C,e1k,1.63589155,training
DTXSID6022927,Didanosine,69655-05-6,O=c1[nH]cnc2c1ncn2[C@H]1CC[C@@H](CO)O1,ph2,1.658337119,training
DTXSID3021980,Ethyl hexanoate,123-66-0,CCCCCC(=O)OCC,e1k,1.804801705,training
DTXSID8020127,3'-Azido-3'-deoxythymidine,30516-87-1,Cc1cn([C@H]2C[C@H](N=[N+]=[N-])[C@@H](CO)O2)c(=O)[nH]c1=O,ph2,1.955534468,training
DTXSID1040742,Triamcinolone,124-94-7,C[C@]12C=CC(=O)C=C1CC[C@H]1[C@@H]3C[C@@H](O)[C@](O)(C(=O)CO)[C@@]3(C)C[C@H](O)[C@@]12F,ph2,1.956223914,training
DTXSID8025337,Formamide,75-12-7,NC=O,ph2,2.338547806,training
DTXSID9044823,Sodium methacrylate,5536-61-8,C=C(C)C(=O)O,e1k,2.391337502,training
DTXSID6020939,Nitrilotriacetic acid,139-13-9,O=C(O)CN(CC(=O)O)CC(=O)O,ph2,2.515639999,training
DTXSID4020666,Glycidol,556-52-5,OCC1CO1,ph2,2.87261328,training
DTXSID3034165,"5,5-Dimethyl-3-(alpha,alpha,alpha-trifluoro-4-nitro-m-tolyl)hydantoin",63612-50-0,CC1(C)NC(=O)N(c2ccc([N+](=O)[O-])c(C(F)(F)F)c2)C1=O,ph2,2.952179571,training
DTXSID1027500,2-Propoxyethanol,2807-30-9,CCCOCCO,e1k,2.965250965,training
DTXSID1041267,1-Ethoxy-2-propanol,1569-02-4,CCOCC(C)O,e1k,3.029485796,training
DTXSID2032637,Pymetrozine,123312-89-0,CC1=NNC(=O)N(/N=C/c2cccnc2)C1,ph1_v2,3.086805753,training
DTXSID5028033,Triisononyl trimellitate,53894-23-8,CC(C)CCCCCCOC(=O)c1ccc(C(=O)OCCCCCCC(C)C)c(C(=O)OCCCCCCC(C)C)c1,ph2,3.163630449,training
DTXSID9025796,Nonane,111-84-2,CCCCCCCCC,e1k,3.243315241,training
DTXSID9026689,"1,1?,1??,1???-(Ethylenedinitrilo)tetrakis(2-propanol)",102-60-3,CC(O)CN(CCN(CC(C)O)CC(C)O)CC(C)O,ph2,3.301587302,training
DTXSID9021976,2-Phenoxyethanol,122-99-6,OCCOc1ccccc1,ph1_v2,3.302825308,training
DTXSID0047533,Tri-n-octyl trimellitate,89-04-3,CCCCCCCCOC(=O)c1ccc(C(=O)OCCCCCCCC)c(C(=O)OCCCCCCCC)c1,ph2,3.326164875,training
DTXSID1024176,Methacrylonitrile,126-98-7,C=C(C)C#N,e1k,3.480615547,training
DTXSID3042390,Sodium (2-pyridylthio)-N-oxide,3811-73-2,[O-][n+]1ccccc1S,ph2,3.504761905,training
DTXSID0042379,Dimethoxydimethylsilane,1112-39-6,CO[Si](C)(C)OC,e1k,3.520243049,training
DTXSID8040775,Terpineol,8000-41-7,CC1=CCC(C(C)(C)O)CC1,e1k,3.566932438,training
DTXSID1041970,Fenchol,1632-73-1,CC12CCC(C1)C(C)(C)C2O,e1k,3.616804507,training
DTXSID2029616,Imidazole,288-32-4,c1c[nH]cn1,e1k,3.6200186,training
DTXSID1021403,Trimethyl orthophosphate,512-56-1,COP(=O)(OC)OC,e1k,3.850472228,training
DTXSID6035152,"1-(Hydroxymethyl)-5,5-dimethylhydantoin",116-25-6,CC1(C)C(=O)NC(=O)N1CO,ph2,3.921236359,training
DTXSID3026691,Triacetin,102-76-1,CC(=O)OCC(COC(C)=O)OC(C)=O,ph2,4.241607372,training
DTXSID3047348,SSR504734,742693-38-5,O=C(N[C@@H](c1ccccc1)[C@@H]1CCCCN1)c1cccc(C(F)(F)F)c1Cl,ph2,4.437299035,training
DTXSID8041955,Ethyl diethanolamine,139-87-7,CCN(CCO)CCO,e1k,4.487114704,training
DTXSID6024676,Butyl acrylate,141-32-2,C=CC(=O)OCCCC,e1k,4.52199394,training
DTXSID1027924,Diisodecyl hexanedioate,27178-16-1,CC(C)CCCCCCCOC(=O)CCCCC(=O)OCCCCCCCC(C)C,ph2,4.559139785,training
DTXSID9033058,"4-Amino-1,2,4-triazole",584-13-4,Nn1cnnc1,ph2,4.596825397,training
DTXSID3023897,Triadimefon,43121-43-3,CC(C)(C)C(=O)C(Oc1ccc(Cl)cc1)n1cncn1,ph1_v2,4.659996608,training
DTXSID6027268,Pentadecane,629-62-9,CCCCCCCCCCCCCCC,ph2,4.669955215,training
DTXSID6047448,Potassium chlorate,3811-04-9,[O-][Cl+2]([O-])O,e1k,4.804170189,training
DTXSID1047576,Cotinine,486-56-6,CN1C(=O)CC[C@H]1c1cccnc1,ph2,4.810908975,training
DTXSID6047286,Candoxatril,123122-55-4,COCCOCC(CC1(C(=O)NC2CCC(C(=O)O)CC2)CCCC1)C(=O)Oc1ccc2c(c1)CCC2,ph2,4.824790038,training
DTXSID5026461,2-Methylpropanenitrile,78-82-0,CC(C)C#N,e1k,4.851724138,training
DTXSID8020597,Ethylene glycol,107-21-1,OCCO,ph2,4.883752457,training
DTXSID9021689,Undecane,1120-21-4,CCCCCCCCCCC,ph2,4.933210089,training
DTXSID5025152,Dimethyl succinate,106-65-0,COC(=O)CCC(=O)OC,ph2,4.992204975,training
DTXSID8020044,Allyl alcohol,107-18-6,C=CCO,e1k,4.998369119,training
DTXSID6025220,1-Dodecanethiol,112-55-0,CCCCCCCCCCCCS,e1k,5.077826725,training
DTXSID1047281,CP-612372,353280-07-6,CC(C)(O)c1ccc(CNC(=O)c2cccnc2Oc2ccc3nonc3c2)cc1,ph2,5.12835321,training
DTXSID2027412,"3,6,9,12-Tetraoxahexadecan-1-ol",1559-34-8,CCCCOCCOCCOCCOCCO,e1k,5.230377482,training
DTXSID4025292,"2-Ethyl-1,3-hexanediol",94-96-2,CCCC(O)C(CC)CO,e1k,5.287762967,training
DTXSID8026513,"1,2,3,6-Tetrahydrophthalimide",85-40-5,Oc1[nH]c(O)c2c1CC=CC2,e1k,5.347807266,training
DTXSID9021922,2-(Ethylamino)ethanol,110-73-6,CCNCCO,e1k,5.367184222,training
DTXSID8023890,Asulam,3337-71-1,COC(=O)NS(=O)(=O)c1ccc(N)cc1,ph1_v2,5.443567709,training
DTXSID8020466,"N,N'-Diethylthiourea",105-55-5,CCNC(=S)NCC,e1k,5.448458963,training
DTXSID1026665,3-Pyridinecarbonitrile,100-54-9,N#Cc1cccnc1,ph2,5.491039427,training
DTXSID9021764,1-Amino-2-propanol,78-96-6,CC(O)CN,e1k,5.53508077,training
DTXSID9024691,Butyl glycidyl ether,2426-08-6,CCCCOCC1CO1,e1k,5.54894747,training
DTXSID5020607,Di(2-ethylhexyl) phthalate,117-81-7,CCCCC(CC)COC(=O)c1ccccc1C(=O)OCC(CC)CCCC,ph1_v2,5.612019443,training
DTXSID8042426,Sulfosuccinic acid,5138-18-1,O=C(O)CC(C(=O)O)S(=O)(=O)O,e1k,5.815675499,training
DTXSID9021392,Triethanolamine,102-71-6,OCCN(CCO)CCO,ph2,5.858507959,training
DTXSID8021272,Sodium chlorite,7758-19-2,[O-][Cl+]O,ph2,5.983707437,training
DTXSID3021518,Fumaric acid,110-17-8,O=C(O)/C=C/C(=O)O,e1k,6.037995925,training
DTXSID4048193,"4,4'-Di-tert-butylbiphenyl",1625-91-8,CC(C)(C)c1ccc(-c2ccc(C(C)(C)C)cc2)cc1,e1k,6.051130932,training
DTXSID5026912,2-[2-(2-Methoxyethoxy)ethoxy]ethanol,112-35-6,COCCOCCOCCO,e1k,6.062159421,training
DTXSID0026258,Tris(2-chloroethyl) phosphite,140-08-9,ClCCOP(OCCCl)OCCCl,e1k,6.066012489,training
DTXSID9044536,Celestolide,13171-00-1,CC(=O)c1cc(C(C)(C)C)cc2c1CCC2(C)C,e1k,6.167962279,training
DTXSID8020121,Sodium azide,26628-22-8,[N-]=[N+]=[N-],ph2,6.263621719,training
DTXSID4021393,Triethylene glycol,112-27-6,OCCOCCOCCO,ph2,6.273015873,training
DTXSID8022828,Cladribine,4291-63-8,Nc1nc(Cl)nc2c1ncn2[C@H]1C[C@H](O)[C@@H](CO)O1,ph2,6.292771816,training
DTXSID4026262,"Tris(2,3-epoxypropyl)isocyanurate",2451-62-9,O=c1n(CC2CO2)c(=O)n(CC2CO2)c(=O)n1CC1CO1,ph2,6.30721984,training
DTXSID8041909,Dysprosium(III) chloride,10025-74-8,[Dy+3],e1k,6.349106071,training
DTXSID5029217,1-Propoxy-2-propanol,1569-01-3,CCCOCC(C)O,e1k,6.383507975,training
DTXSID9041861,Diethyl phosphite,762-04-9,CCO[PH](=O)OCC,e1k,6.414779652,training
DTXSID2038732,Diethyl butanedioate,123-25-1,CCOC(=O)CCC(=O)OCC,ph2,6.431185362,training
DTXSID6031380,Glycoluril,496-46-8,O=C1N[C@H]2NC(=O)N[C@H]2N1,e1k,6.506896552,training
DTXSID6022056,"1,3-Dichlorobenzene",541-73-1,Clc1cccc(Cl)c1,ph2,6.52765711,training
DTXSID3024368,2-[2-(2-Ethoxyethoxy)ethoxy]ethanol,112-50-5,CCOCCOCCOCCO,ph2,6.598838365,training
DTXSID8026228,Triethyl phosphate,78-40-0,CCOP(=O)(OCC)OCC,e1k,6.62055676,training
DTXSID2024955,Di-tert-butyl peroxide,110-05-4,CC(C)(C)OOC(C)(C)C,ph2,6.811737343,training
DTXSID7037551,Fenuron,101-42-8,CN(C)C(=O)Nc1ccccc1,e1k,6.870161338,training
DTXSID9020112,Atrazine,1912-24-9,CCNc1nc(Cl)nc(NC(C)C)n1,ph1_v2,6.872882604,training
DTXSID8026488,Camphene,79-92-5,C=C1C2CCC(C2)C1(C)C,e1k,6.914999009,training
DTXSID2024664,Butyraldehyde oxime,110-69-0,CCCC=NO,e1k,7.060299848,training
DTXSID3047429,Dexamethasone sodium phosphate,2392-39-4,C[C@@H]1C[C@H]2[C@@H]3CC=C4CC(=O)C=C[C@]4(C)[C@@]3(F)[C@@H](O)C[C@]2(C)[C@@]1(O)C(=O)COP(=O)(O)O,ph2,7.117234068,training
DTXSID0021123,Phenobarbital sodium,57-30-7,CCC1(c2ccccc2)C(=O)NC(=O)NC1=O,ph2,7.132400781,training
DTXSID7044394,4-tert-Butylcyclohexanone,98-53-3,CC(C)(C)C1CCC(=O)CC1,e1k,7.168965517,training
DTXSID2023193,Lactose,63-42-3,OC[C@H]1O[C@@H](O[C@H]2[C@H](O)[C@@H](O)[C@H](O)O[C@@H]2CO)[C@H](O)[C@@H](O)[C@H]1O,e1k,7.227799228,training
DTXSID2021028,N-Nitrosodiethylamine,55-18-5,CCN(CC)N=O,ph2,7.297491039,training
DTXSID3026564,Triethylene glycol bis(2-ethylhexanoate),94-28-0,CCCCC(CC)C(=O)OCCOCCOCCOC(=O)C(CC)CCCC,ph2,7.359932599,training
DTXSID9026342,2-Phenylethanol,60-12-8,OCCc1ccccc1,e1k,7.429590926,training
DTXSID7034549,Dinotefuran,165252-70-0,CN=C(NCC1CCOC1)N[N+](=O)[O-],e1k,7.442392155,training
DTXSID0021965,"1,2,4-Trichlorobenzene",120-82-1,Clc1ccc(Cl)c(Cl)c1,ph2,7.479391249,training
DTXSID0034722,Topramezone,210631-68-8,Cc1c(C(=O)c2c[nH]n(C)c2=O)ccc(S(C)(=O)=O)c1C1=NOCC1,e1k,7.481343674,training
DTXSID6023862,Aldicarb sulfone,1646-88-4,CNC(=O)ON=CC(C)(C)S(C)(=O)=O,e1k,7.787542498,training
DTXSID0026838,Isopropyl tetradecanoate,110-27-0,CCCCCCCCCCCCCC(=O)OC(C)C,e1k,7.800013209,training
DTXSID1029128,Tetrahydrofurfuryl alcohol,97-99-4,OCC1CCCO1,e1k,7.817241379,training
DTXSID0025864,4-Ethoxyaniline,156-43-4,CCOc1ccc(N)cc1,e1k,7.847251364,training
DTXSID8024284,1-Methoxy-2-propanol,107-98-2,COCC(C)O,ph2,7.866196706,training
DTXSID6020856,N-Methyl-2-pyrrolidone,872-50-4,CN1CCCC1=O,ph2,7.94265233,training
DTXSID9034816,Monocrotophos,6923-22-4,CNC(=O)/C=C(\C)OP(=O)(OC)OC,ph1_v2,8.037167081,training
DTXSID2021288,Sucrose,57-50-1,OC[C@H]1O[C@@](CO)(O[C@H]2O[C@H](CO)[C@@H](O)[C@H](O)[C@H]2O)[C@@H](O)[C@@H]1O,ph2,8.08221505,training
DTXSID3025122,Dimethyl glutarate,1119-40-0,COC(=O)CCCC(=O)OC,ph2,8.113677606,training
DTXSID8024311,Sodium fluoroacetate,62-74-8,O=C(O)CF,e1k,8.143906021,training
DTXSID3024287,Imazethapyr,81335-77-5,CCc1cnc(C2=NC(=O)C(C)(C(C)C)N2)c(C(=O)O)c1,ph1_v2,8.19090822,training
DTXSID9047259,"1,3-Dichloro-6,7,8,9,10,12-hexahydroazepino[2,1-b]quinazoline hydrochloride (1:1)",149062-75-9,Clc1cc(Cl)c2c(c1)N=C1CCCCCN1C2,ph2,8.192679132,training
DTXSID0020604,4-Vinyl-1-cyclohexene diepoxide,106-87-6,C1CC2OC2CC1C1CO1,ph2,8.245780519,training
DTXSID5027142,"1,2-Dichloro-4-(trifluoromethyl)benzene",328-84-7,FC(F)(F)c1ccc(Cl)c(Cl)c1,e1k,8.319878142,training
DTXSID1026904,2-Butoxyethyl acetate,112-07-2,CCCCOCCOC(C)=O,e1k,8.344710466,training
DTXSID9021477,Sodium tetrafluoroborate,13755-29-8,F[B-](F)(F)F,e1k,8.460471567,training
DTXSID8042422,Styrene glycol,93-56-1,OCC(O)c1ccccc1,e1k,8.492481332,training
DTXSID5020605,2-Ethyl-1-hexanol,104-76-7,CCCCC(CC)CO,ph2,8.555452544,training
DTXSID5024891,Cytarabine hydrochloride,69-74-9,Nc1ccn([C@@H]2O[C@H](CO)[C@@H](O)[C@@H]2O)c(=O)n1,ph2,8.652477462,training
DTXSID8021519,2-(2-Butoxyethoxy)ethanol,112-34-5,CCCCOCCOCCO,ph2,8.734939759,training
DTXSID4020292,2-Chloroacetaldehyde,107-20-0,O=CCCl,e1k,8.749482891,training
DTXSID1024704,4-tert-Butyltoluene,98-51-1,Cc1ccc(C(C)(C)C)cc1,e1k,8.758632306,training
DTXSID4041492,3-Phenylhexane,4468-42-2,CCCC(CC)c1ccccc1,e1k,8.767764358,training
DTXSID3020627,Fluconazole,86386-73-4,OC(Cn1cncn1)(Cn1cncn1)c1ccc(F)cc1F,ph2,8.774486545,training
DTXSID6021032,N-Nitrosodi-n-propylamine,621-64-7,CCCN(CCC)N=O,ph2,8.870941048,training
DTXSID3048520,Piragliatin,625114-41-2,CS(=O)(=O)c1ccc(C(C[C@H]2CCC(=O)C2)C(=O)Nc2cnccn2)cc1Cl,ph2,8.888888889,training
DTXSID1026118,Tetralin,119-64-2,c1ccc2c(c1)CCCC2,e1k,8.895867666,training
DTXSID7024821,1-Chloro-4-(trifluoromethyl)benzene,98-56-6,FC(F)(F)c1ccc(Cl)cc1,e1k,8.896772638,training
DTXSID8029600,Methacrylamide,79-39-0,C=C(C)C(N)=O,ph2,9.162225679,training
DTXSID9029304,Glyceryl stearate,11099-07-3,CCCCCCCCCCCCCCCCCC(=O)OCC(O)CO,e1k,9.303894994,training
DTXSID7042190,"N,N-Dimethyldecylamine oxide",2605-79-0,CCCCCCCCCC[N+](C)(C)[O-],ph2,9.321204081,training
DTXSID1027550,Sodium chloroacetate,3926-62-3,O=C(O)CCl,e1k,9.328644879,training
DTXSID5021336,Theophylline,58-55-9,Cn1c(=O)c2[nH]cnc2n(C)c1=O,ph2,9.373195176,training
DTXSID3047558,2-(Perfluorohexyl)ethyl methacrylate,2144-53-8,C=C(C)C(=O)OCCC(F)(F)C(F)(F)C(F)(F)C(F)(F)C(F)(F)C(F)(F)F,ph2,9.448028674,training
DTXSID2041125,Sodium iodide,7681-82-5,I,e1k,9.467744395,training
DTXSID9022607,Anastrozole,120511-73-1,CC(C)(C#N)c1cc(Cn2cncn2)cc(C(C)(C)C#N)c1,e1k,9.472283814,training
DTXSID3020043,Allantoin,97-59-6,NC(=O)Nc1[nH]c(=O)[nH]c1O,e1k,9.476447876,training
DTXSID4027367,1-Tetradecene,1120-36-1,C=CCCCCCCCCCCCC,ph2,9.611800752,training
DTXSID0047327,MK-578,313994-79-5,CCn1nc(Cc2ccccc2)cc1C1CCN(C[C@H]2C[C@H](N(C)C(C(=O)O)C(C)C)C[C@@H]2c2cccc(F)c2)CC1,ph2,9.614993561,training
DTXSID5041487,"3,7-Dimethyloctan-3-yl acetate",20780-48-7,CCC(C)(CCCC(C)C)OC(C)=O,e1k,9.649420849,training
DTXSID0029559,Diazolidinyl urea,78491-02-8,O=C(NCO)N(CO)c1c(O)n(CO)c(=O)n1CO,e1k,9.65112147,training
DTXSID5021754,"5,5-Dimethylhydantoin",77-71-4,CC1(C)NC(=O)NC1=O,ph2,9.699337523,training
DTXSID6045400,Ronidazole,7681-76-7,Cn1c([N+](=O)[O-])cnc1COC(N)=O,e1k,9.711976394,training
DTXSID9041815,"3,3,5-Trimethylcyclohexanol",116-02-9,CC1CC(O)CC(C)(C)C1,e1k,9.819921994,training
DTXSID4041818,2-sec-Butylcyclohexan-1-one,14765-30-1,CCC(C)C1CCCCC1=O,e1k,9.877042277,training
DTXSID9027312,1-Phenoxy-2-propanol,770-35-4,CC(O)COc1ccccc1,e1k,9.8976368,training
DTXSID1020932,Nicotinic acid,59-67-6,O=C(O)c1cccnc1,ph2,9.908350001,training
DTXSID2021866,Dibutyl adipate,105-99-7,CCCCOC(=O)CCCCC(=O)OCCCC,ph2,9.919239286,training
DTXSID5024681,tert-Butylamine,75-64-9,CC(C)(C)N,e1k,9.945857747,training
DTXSID9025110,"2,5-Dimethyl-2,5-di-(tert-butylperoxy)hexane",78-63-7,CC(C)(C)OOC(C)(C)CCC(C)(C)OOC(C)(C)C,ph2,10.02606429,training
DTXSID5041691,Butam,35256-85-0,CC(C)N(Cc1ccccc1)C(=O)C(C)(C)C,ph2,10.06172265,training
DTXSID2022171,1-Decanamine,2016-57-1,CCCCCCCCCCN,e1k,10.06293497,training
DTXSID9024431,Aldicarb oxime,1646-75-9,CSC(C)(C)C=NO,ph2,10.09500159,training
DTXSID0027195,Hexadecane,544-76-3,CCCCCCCCCCCCCCCC,ph2,10.13524264,training
DTXSID8026694,2-Ethylhexyl acetate,103-09-3,CCCCC(CC)COC(C)=O,e1k,10.14096916,training
DTXSID1021877,2-Chloroethanol,107-07-3,OCCCl,ph2,10.22503898,training
DTXSID6029755,"1,2-Propanediol monobutyl ether",29387-86-8,CCCCOC(C)CO,e1k,10.23322382,training
DTXSID9042382,Tetrapropyl orthosilicate,682-01-9,CCCO[Si](OCCC)(OCCC)OCCC,e1k,10.25924601,training
DTXSID3025049,Diethylene glycol monomethyl ether,111-77-3,COCCOCCO,ph2,10.32022828,training
DTXSID0032493,Triadimenol,55219-65-3,CC(C)(C)C(O)C(Oc1ccc(Cl)cc1)n1cncn1,ph1_v2,10.36087789,training
DTXSID0044575,MON-4660,71526-07-3,O=C(C(Cl)Cl)N1CCOC12CCCCC2,e1k,10.45054569,training
DTXSID2047278,CP-457677,214535-77-0,CC(C)(O)c1ccc(CNC(=O)c2cccnc2Oc2ccc(F)cc2)cc1,ph2,10.46681848,training
DTXSID8021931,1-Hexanol,111-27-3,CCCCCCO,e1k,10.52242775,training
DTXSID8027581,"1,5,9-Cyclododecatriene",4904-61-4,C1=CCCC=CCCC=CCC1,ph2,10.54735013,training
DTXSID1038795,"1,1,1,3,5,5,5-Heptamethyltrisiloxane",1873-88-7,C[SiH](O[Si](C)(C)C)O[Si](C)(C)C,e1k,10.58239819,training
DTXSID1040110,Ethyl propionate,105-37-3,CCOC(=O)CC,e1k,10.61312741,training
DTXSID2042062,Isobornyl propanoate,2756-56-1,CCC(=O)O[C@@H]1C[C@H]2CC[C@]1(C)C2(C)C,e1k,10.61895085,training
DTXSID5047611,gamma-Heptalactone,105-21-5,CCCC1CCC(=O)O1,e1k,10.64009268,training
DTXSID9041368,5-Ethyl-5-methylhydantoin,5394-36-5,CCC1(C)NC(=O)NC1=O,e1k,10.64065684,training
DTXSID6024204,Metribuzin,21087-64-9,CSc1nnc(C(C)(C)C)c(=O)n1N,ph1_v2,10.71272529,training
DTXSID2044553,Sodium 2-methylbenzenesulfonate,15046-75-0,Cc1ccccc1S(=O)(=O)O,e1k,10.76638033,training
DTXSID6024882,Cycloheximide,66-81-9,CC1C[C@H](C)CC([C@H](O)CC2CC(=O)NC(=O)C2)C1=O,ph2,10.82343073,training
DTXSID0027191,"1,3-Cyclopentadiene",542-92-7,C1=CCC=C1,e1k,10.86770208,training
DTXSID5024051,Bis(1-methylethyl) methylphosphonate,1445-75-6,CC(C)OP(C)(=O)OC(C)C,ph2,10.93101221,training
DTXSID4021921,"2-Butyne-1,4-diol",110-65-6,OCC#CCO,e1k,11.0724169,training
DTXSID4021842,Cyclohexanone oxime,100-64-1,ON=C1CCCCC1,e1k,11.09566536,training
DTXSID5021124,Phenol,108-95-2,Oc1ccccc1,ph2,11.10268802,training
DTXSID9024065,"1,3-Dinitrobenzene",99-65-0,O=[N+]([O-])c1cccc([N+](=O)[O-])c1,ph2,11.11535402,training
DTXSID6047282,CP-671305,445295-04-5,CC(Oc1ccc(CNC(=O)c2cccnc2Oc2ccc3c(c2)OCO3)c(F)c1)C(=O)O,ph2,11.13979956,training
DTXSID4027282,Phenyl phosphorus dichloride,644-97-3,ClP(Cl)c1ccccc1,e1k,11.18055292,training
DTXSID4027868,tert-Nonanethiol,25360-10-5,CCCCCCC(C)(C)S,e1k,11.22013159,training
DTXSID7021607,Hexanoic acid,142-62-1,CCCCCC(=O)O,ph2,11.22827016,training
DTXSID2025478,Isopropyl acetate,108-21-4,CC(=O)OC(C)C,e1k,11.24321828,training
DTXSID6020224,gamma-Butyrolactone,96-48-0,O=C1CCCO1,ph2,11.25417894,training
DTXSID5025102,3-(Dimethylamino)propylamine,109-55-7,CN(C)CCCN,e1k,11.25684375,training
DTXSID0042406,Sodium methyl sulfate,512-42-5,COS(=O)(=O)O,e1k,11.26630498,training
DTXSID7029110,"3,7-Dimethyl-3-octanol",78-69-3,CCC(C)(O)CCCC(C)C,e1k,11.27931034,training
DTXSID3020910,Busulfan,55-98-1,CS(=O)(=O)OCCCCOS(C)(=O)=O,ph2,11.36290252,training
DTXSID2026789,Propylene carbonate,108-32-7,CC1COC(=O)O1,e1k,11.39291203,training
DTXSID8021517,Maleic acid,110-16-7,O=C(O)/C=C\C(=O)O,e1k,11.45797705,training
DTXSID8020179,Diisopropanolamine,110-97-4,CC(O)CNCC(C)O,e1k,11.47080562,training
DTXSID3044833,Terpinyl propionate,80-27-3,CCC(=O)OC(C)(C)C1CC=C(C)CC1,e1k,11.56896552,training
DTXSID7041675,(ï¿½)-Bornyl acetate,76-49-3,CC(=O)O[C@@H]1C[C@@H]2CC[C@@]1(C)C2(C)C,e1k,11.75057048,training
DTXSID8042507,1-Phenylurea,64-10-8,NC(=O)Nc1ccccc1,e1k,11.75647523,training
DTXSID1023996,Cyclohexylamine,108-91-8,NC1CCCCC1,ph2,11.75825128,training
DTXSID6024206,Molinate,2212-67-1,CCSC(=O)N1CCCCCC1,ph1_v2,11.7722556,training
DTXSID0020151,Benzyl acetate,140-11-4,CC(=O)OCc1ccccc1,e1k,11.79132207,training
DTXSID3029653,Ammonium isothiocyanate,1762-95-4,N#CS,e1k,11.81758688,training
DTXSID0021888,2-Pentanone,107-87-9,CCCC(C)=O,e1k,11.88647401,training
DTXSID9020792,Maleic hydrazide,123-33-1,O=c1ccc(=O)[nH][nH]1,ph1_v2,11.89381102,training
DTXSID5024055,Dimethyl sulfate,77-78-1,COS(=O)(=O)OC,ph2,11.92523121,training
DTXSID2026781,4-Methyl-2-pentanol,108-11-2,CC(C)CC(C)O,ph2,11.9559101,training
DTXSID8041957,Ethyl orthoformate,122-51-0,CCOC(OCC)OCC,e1k,12.00288791,training
DTXSID5044576,"Citric acid, triethyl ester, acetate",77-89-4,CCOC(=O)CC(CC(=O)OCC)(OC(C)=O)C(=O)OCC,ph2,12.09104807,training
DTXSID3032412,Imazamethabenz-methyl,81405-85-8,COC(=O)c1cc(C)ccc1C1=NC(=O)C(C)(C(C)C)N1,e1k,12.19178508,training
DTXSID9021928,Ethylene glycol monoethyl ether acetate,111-15-9,CCOCCOC(C)=O,ph2,12.32903478,training
DTXSID1041184,(-)-beta-Pinene,18172-67-3,C=C1CC[C@H]2C[C@@H]1C2(C)C,e1k,12.33069639,training
DTXSID6025014,Benzal chloride,98-87-3,ClC(Cl)c1ccccc1,ph2,12.37275986,training
DTXSID5020027,Acrylamide,79-06-1,C=CC(N)=O,ph2,12.42641209,training
DTXSID7034252,Tepraloxydim,149979-41-9,CCC(=NOC/C=C/Cl)C1C(=O)CC(C2CCOCC2)CC1=O,ph1_v2,12.4369166,training
DTXSID5034270,Imazapic,104098-48-8,Cc1cnc(C2=NC(=O)C(C)(C(C)C)N2)c(C(=O)O)c1,ph1_v2,12.50552364,training
DTXSID3026223,Triethylene glycol diacetate,111-21-7,CC(=O)OCCOCCOCCOC(C)=O,ph2,12.61099437,training
DTXSID7042061,Isobornyl acetate,125-12-2,CC(=O)O[C@H]1C[C@@H]2CC[C@@]1(C)C2(C)C,e1k,12.62860237,training
DTXSID6022474,Corticosterone,50-22-6,C[C@]12CCC(=O)C=C1CC[C@@H]1[C@@H]2[C@@H](O)C[C@]2(C)C(C(=O)CO)CC[C@@H]12,ph2,12.64516129,training
DTXSID6041426,"3,4-Dihydro-2H-pyran",110-87-2,C1=COCCC1,e1k,12.65589345,training
DTXSID5021837,"N,N-Diethylethanolamine",100-37-8,CCN(CC)CCO,ph2,12.66031746,training
DTXSID3021358,Tolazamide,1156-19-0,Cc1ccc(S(=O)(=O)NC(=O)NN2CCCCCC2)cc1,ph2,12.76219724,training
DTXSID8029105,4-Toluenesulfonamide,70-55-3,Cc1ccc(S(N)(=O)=O)cc1,e1k,12.83411243,training
DTXSID4020616,"1,8-Cineol",470-82-6,CC12CCC(CC1)C(C)(C)O2,e1k,12.86878514,training
DTXSID0020311,Monuron,150-68-5,CN(C)C(=O)Nc1ccc(Cl)cc1,ph2,12.90173544,training
DTXSID3020889,4-Methylstyrene,622-97-9,C=Cc1ccc(C)cc1,e1k,12.98972545,training
DTXSID0020494,Dimethyl methylphosphonate,756-79-6,COP(C)(=O)OC,e1k,13.00162445,training
DTXSID2027258,Isopropyl formate,625-55-8,CC(C)OC=O,e1k,13.00237508,training
DTXSID9027364,"N,N-Dimethyloctanamide",1118-92-9,CCCCCCCC(=O)N(C)C,e1k,13.03034925,training
DTXSID7025502,Linalool,78-70-6,C=CC(C)(O)CCC=C(C)C,e1k,13.04710425,training
DTXSID5022934,Digoxin,20830-75-5,C[C@H]1O[C@@H](O[C@H]2[C@@H](O)C[C@H](O[C@H]3[C@@H](O)C[C@H](O[C@H]4CC[C@@]5(C)[C@H](CC[C@@H]6[C@@H]5C[C@@H](O)[C@]5(C)[C@@H](C7=CC(=O)OC7)CC[C@]65O)C4)O[C@@H]3C)O[C@@H]2C)C[C@H](O)[C@@H]1O,e1k,13.08647731,training
DTXSID5021885,"2-Methyl-2,4-pentanediol",107-41-5,CC(O)CC(C)(C)O,ph2,13.13194642,training
DTXSID8027246,2-Pyrrolidinone,616-45-5,O=C1CCCN1,e1k,13.13702932,training
DTXSID7023936,Butylate,2008-41-5,CCSC(=O)N(CC(C)C)CC(C)C,ph1_v2,13.29055161,training
DTXSID0034229,gamma-Nonanolactone,104-61-0,CCCCCC1CCC(=O)O1,e1k,13.29423806,training
DTXSID0034227,Icaridin,119515-38-7,CCC(C)OC(=O)N1CCCCC1CCO,ph1_v2,13.35335271,training
DTXSID7027837,Tripropylene glycol,24800-44-0,CC(O)COC(C)COC(C)CO,e1k,13.37239487,training
DTXSID4022991,Erythromycin,114-07-8,CC[C@H]1OC(=O)C(C)[C@@H](O[C@H]2C[C@@](C)(OC)[C@@H](O)[C@H](C)O2)[C@H](C)[C@@H](O[C@@H]2O[C@H](C)C[C@H](N(C)C)[C@H]2O)[C@](C)(O)CC(C)C(=O)C(C)[C@@H](O)[C@]1(C)O,ph2,13.39534228,training
DTXSID5021916,2-Heptanone,110-43-0,CCCCCC(C)=O,e1k,13.39814032,training
DTXSID3020415,"1,2-Dibromoethane",106-93-4,BrCCBr,e1k,13.4355275,training
DTXSID1047528,Benzyloctyl adipate,58394-64-2,CCCCC(CC)COC(=O)CCCCC(=O)OCc1ccccc1,ph2,13.4527584,training
DTXSID6042494,Trimethoxypropylsilane,1067-25-0,CCC[Si](OC)(OC)OC,e1k,13.48720101,training
DTXSID5025023,Dicyclopentadiene,77-73-6,C1=CC2C3C=CC(C3)C2C1,e1k,13.57678881,training
DTXSID3024994,Sodium dichloroisocyanurate,2893-78-9,O=c1[nH]c(=O)n(Cl)c(=O)n1Cl,e1k,13.80044346,training
DTXSID7021605,Hexanedioic acid,124-04-9,O=C(O)CCCCC(=O)O,ph2,13.8207745,training
DTXSID6040747,17alpha-Hydroxyprogesterone,68-96-2,CC(=O)[C@@]1(O)CC[C@H]2[C@@H]3CC=C4CC(=O)CC[C@]4(C)[C@H]3CC[C@@]21C,ph2,13.91746032,training
DTXSID5020449,Dichlorvos,62-73-7,COP(=O)(OC)OC=C(Cl)Cl,ph1_v2,13.93500819,training
DTXSID3036288,2-Octyl-1-dodecanol,5333-42-6,CCCCCCCCCCC(CO)CCCCCCCC,e1k,14.01874366,training
DTXSID0041484,(3Z)-3-Hexenyl acetate,3681-71-8,CC/C=C\CCOC(C)=O,e1k,14.02516449,training
DTXSID1029124,"1,2,4,5-Tetramethylbenzene",95-93-2,Cc1cc(C)c(C)cc1C,e1k,14.05103595,training
DTXSID2020634,5-Fluorouracil,51-21-8,O=c1[nH]cc(F)c(=O)[nH]1,ph2,14.13318621,training
DTXSID3024152,Imazaquin,81335-37-7,CC(C)C1(C)N=C(c2nc3ccccc3cc2C(=O)O)NC1=O,ph1_v2,14.45931185,training
DTXSID5026259,Tris(2-chloroisopropyl)phosphate,13674-84-5,CC(CCl)OP(=O)(OC(C)CCl)OC(C)CCl,e1k,14.53930685,training
DTXSID3021932,Diethanolamine,111-42-2,OCCNCCO,ph2,14.55197133,training
DTXSID8024317,Terbacil,5902-51-2,Cc1[nH]c(=O)n(C(C)(C)C)c(=O)c1Cl,ph1_v2,14.55761879,training
DTXSID5024263,Phosphoric acid,7664-38-2,O=P(O)(O)O,e1k,14.61183812,training
DTXSID0040701,Triethyl citrate,77-93-0,CCOC(=O)CC(O)(CC(=O)OCC)C(=O)OCC,ph2,14.65958339,training
DTXSID2027094,Bis(2-ethylhexyl) maleate,142-16-5,CCCCC(CC)COC(=O)/C=C\C(=O)OCC(CC)CCCC,e1k,14.67111873,training
DTXSID9027360,Ammonium carbamate,1111-78-0,NC(=O)O,ph2,14.67611336,training
DTXSID3035214,1-Octen-3-ol,3391-86-4,C=CC(O)CCCCC,e1k,14.74203652,training
DTXSID9032535,Trinexapac-ethyl,95266-40-3,CCOC(O)=c1cc(O)c(=C(O)C2CC2)c(O)c1,e1k,14.83484311,training
DTXSID4020375,DDT,50-29-3,Clc1ccc(C(c2ccc(Cl)cc2)C(Cl)(Cl)Cl)cc1,ph2,14.86306256,training
DTXSID8044202,Octyl acetate,112-14-1,CCCCCCCCOC(C)=O,e1k,15.0111305,training
DTXSID1021956,Di-n-octyl phthalate,117-84-0,CCCCCCCCOC(=O)c1ccccc1C(=O)OCCCCCCCC,ph2,15.13866913,training
DTXSID9040342,"4-Ethyl-1,3-dioxolan-2-one",4437-85-8,CCC1COC(=O)O1,e1k,15.15552614,training
DTXSID7021948,Propoxur,114-26-1,CNC(=O)Oc1ccccc1OC(C)C,ph1_v2,15.20750962,training
DTXSID9048192,4-Butylchlorobenzene,15499-27-1,CCCCc1ccc(Cl)cc1,e1k,15.26286702,training
DTXSID4022367,Estrone,53-16-7,C[C@]12CC[C@@H]3c4ccc(O)cc4CC[C@H]3[C@@H]1CCC2=O,ph2,15.33968254,training
DTXSID0047290,UK-416244,402910-27-4,CSc1ccc(Oc2ccc(S(N)(=O)=O)cc2CN(C)C)cc1C,ph2,15.39773522,training
DTXSID7026946,Linalyl acetate,115-95-7,C=CC(C)(CCC=C(C)C)OC(C)=O,e1k,15.42284676,training
DTXSID2022628,Atenolol,29122-68-7,CC(C)NCC(O)COc1ccc(CC(N)=O)cc1,e1k,15.43204168,training
DTXSID1048203,Ethyl 4-chlorophenyl ketone,6285-05-8,CCC(=O)c1ccc(Cl)cc1,e1k,15.64983999,training
DTXSID2026864,Methyl octanoate,111-11-5,CCCCCCCC(=O)OC,ph2,15.72207465,training
DTXSID0047741,Dibenzothiophene,132-65-0,c1ccc2c(c1)sc1ccccc12,e1k,15.73707169,training
DTXSID5037494,s-Chloroaminoisopropylaminotriazine,6190-65-4,CC(C)Nc1nc(N)nc(Cl)n1,e1k,15.79327357,training
DTXSID2021943,2-Undecanone,112-12-9,CCCCCCCCCC(C)=O,e1k,15.80580344,training
DTXSID9023380,Norethindrone,68-22-4,C#C[C@]1(O)CC[C@H]2[C@@H]3CC=C4CC(=O)CCC4[C@H]3CC[C@@]21C,ph2,15.84853199,training
DTXSID3021936,Hexanedinitrile,111-69-3,N#CCCCCC#N,ph2,15.87166466,training
DTXSID3026514,Phthalimide,85-41-6,O=C1NC(=O)c2ccccc21,e1k,15.89570489,training
DTXSID0032655,Triticonazole,131983-72-7,CC1(C)CCC(=Cc2ccc(Cl)cc2)C1(O)Cn1cncn1,ph1_v2,15.90182383,training
DTXSID0029761,Sodium dichloroisocyanurate dihydrate,51580-86-0,O=c1[nH]c(=O)n(Cl)c(=O)n1Cl,e1k,15.92399976,training
DTXSID9040001,Monomethyl phthalate,4376-18-5,COC(=O)c1ccccc1C(=O)O,ph1_v2,15.97760786,training
DTXSID6022472,Butylbenzene,104-51-8,CCCCc1ccccc1,ph2,16.02726696,training
DTXSID6027218,"2,6-Diethylaniline",579-66-8,CCc1cccc(CC)c1N,ph2,16.18882131,training
DTXSID5047538,"Pentane-1,5-diyl dibenzoate",6624-73-3,O=C(OCCCCCOC(=O)c1ccccc1)c1ccccc1,ph2,16.33155638,training
DTXSID1034212,Spiroxamine,118134-30-8,CCCN(CC)CC1COC2(CCC(C(C)(C)C)CC2)O1,ph1_v2,16.42700202,training
DTXSID1020560,Endosulfan,115-29-7,O=S1OCC2C(CO1)C1(Cl)C(Cl)=C(Cl)C2(Cl)C1(Cl)Cl,ph1_v2,16.44590984,training
DTXSID3022370,Progesterone,57-83-0,CC(=O)C1CC[C@H]2[C@@H]3CC=C4CC(=O)CC[C@]4(C)[C@H]3CC[C@]12C,ph2,16.4635092,training
DTXSID2020890,6-Methyl-2-thiouracil,56-04-2,Cc1cc(=O)[nH]c(=S)[nH]1,ph2,16.55174412,training
DTXSID9042415,Sodium 4-methylbenzenesulfonate,657-84-1,Cc1ccc(S(=O)(=O)O)cc1,e1k,16.64761446,training
DTXSID8040694,Butyl benzoate,136-60-7,CCCCOC(=O)c1ccccc1,ph2,17.06921518,training
DTXSID2022123,2-Hydroxyethyl acrylate,818-61-1,C=CC(=O)OCCO,e1k,17.10586443,training
DTXSID4027997,Dichlormid,37764-25-3,C=CCN(CC=C)C(=O)C(Cl)Cl,e1k,17.22985957,training
DTXSID6024177,Methamidophos,10265-92-6,COP(N)(=O)SC,ph1_v2,17.39759694,training
DTXSID7020895,Mirex,2385-85-5,ClC1(Cl)C2(Cl)C3(Cl)C4(Cl)C(Cl)(Cl)C5(Cl)C3(Cl)C1(Cl)C5(Cl)C24Cl,ph2,17.6308879,training
DTXSID5026251,Triphenylphosphine,603-35-0,c1ccc(P(c2ccccc2)c2ccccc2)cc1,e1k,17.63926138,training
DTXSID3047633,Ethyl oleate,111-62-6,CCCCCCCC/C=C\CCCCCCCC(=O)OCC,e1k,17.68512499,training
DTXSID6025068,Dihexyl phthalate,84-75-3,CCCCCCOC(=O)c1ccccc1C(=O)OCCCCCC,ph2,17.68533434,training
DTXSID6034764,Nicosulfuron,111991-09-4,COc1cc(OC)nc(NC(=O)NS(=O)(=O)c2ncccc2C(=O)N(C)C)n1,e1k,17.7395278,training
DTXSID4029353,Acetylcedrene,32388-55-9,CC(=O)C1=C(C)C2C[C@@]3(C1)[C@H](C)CC[C@H]3C2(C)C,e1k,17.74832673,training
DTXSID7027540,N-Butylbenzenesulfonamide,3622-84-2,CCCCNS(=O)(=O)c1ccccc1,e1k,17.82457589,training
DTXSID6021402,"1,2,4-Trimethylbenzene",95-63-6,Cc1ccc(C)c(C)c1,ph2,17.84780378,training
DTXSID5023792,4-Nitrotoluene,99-99-0,Cc1ccc([N+](=O)[O-])cc1,ph2,17.95399235,training
DTXSID3036496,Levonorgestrel,797-63-7,C#C[C@]1(O)CC[C@H]2[C@@H]3CC=C4CC(=O)CCC4[C@H]3CC[C@@]21CC,ph2,18.00570704,training
DTXSID0025816,Oxalic acid,144-62-7,O=C(O)C(=O)O,e1k,18.46707582,training
DTXSID0042038,Heptyl butyrate,5870-93-9,CCCCCCCOC(=O)CCC,e1k,18.59166628,training
DTXSID6032641,Quinclorac,84087-01-4,O=C(O)c1c(Cl)ccc2cc(Cl)cnc12,ph1_v2,18.74093662,training
DTXSID1047289,UK-343664,215297-27-1,CCCOc1ccc(S(=O)(=O)N2CCN(CC)CC2)cc1-c1nc(=O)c2nn(Cc3ccccn3)c(CC)c2[nH]1,ph2,18.76009041,training
DTXSID9037539,Endosulfan I,959-98-8,O=S1OC[C@@H]2[C@H](CO1)[C@]1(Cl)C(Cl)=C(Cl)[C@@]2(Cl)C1(Cl)Cl,e1k,18.92721772,training
DTXSID6022137,(Z)-3-Hexen-1-ol,928-96-1,CC/C=C\CCO,e1k,18.98297974,training
DTXSID0027222,Terpinolene,586-62-9,CC1=CCC(=C(C)C)CC1,e1k,19.02623645,training
DTXSID5041512,4-Chlorophenylurea,140-38-5,NC(=O)Nc1ccc(Cl)cc1,e1k,19.03497634,training
DTXSID8023632,L-Tartaric acid,87-69-4,O=C(O)C(O)C(O)C(=O)O,ph2,19.04234367,training
DTXSID7040285,2-Hydroxyacetophenone,118-93-4,CC(=O)c1ccccc1O,e1k,19.08064197,training
DTXSID0022014,Hydroquinone dimethyl ether,150-78-7,COc1ccc(OC)cc1,e1k,19.16828509,training
DTXSID3026302,Sodium xylenesulfonate,1300-72-7,Cc1ccc(S(=O)(=O)O)cc1C,ph2,19.37794976,training
DTXSID1022267,Methomyl,16752-77-5,CNC(=O)ON=C(C)SC,ph1_v2,19.44670236,training
DTXSID4036435,1-Octyl-2-pyrrolidone,2687-94-7,CCCCCCCCN1CCCC1=O,e1k,19.53134018,training
DTXSID6021828,Acetophenone,98-86-2,CC(=O)c1ccccc1,ph2,19.53839897,training
DTXSID6034849,Propamocarb hydrochloride,25606-41-1,CCCOC(=O)NCCCN(C)C,ph1_v2,19.65087818,training
DTXSID4047127,4-(tert-Pentyl)-cyclohexanone,16587-71-6,CCC(C)(C)C1CCC(=O)CC1,e1k,19.77290134,training
DTXSID9025451,"4-(2,6,6-Trimethyl-cyclohex-1-enyl)-but-3-en-2-one",14901-07-6,CC(=O)C=CC1=C(C)CCCC1(C)C,e1k,19.82355994,training
DTXSID8027955,Isooctyl acrylate,29590-42-9,C=CC(=O)OCCCCCC(C)C,ph2,19.8896942,training
DTXSID4020373,"p,p'-DDD",72-54-8,Clc1ccc(C(c2ccc(Cl)cc2)C(Cl)Cl)cc1,ph2,19.89685284,training
DTXSID7020716,Hydroquinone,123-31-9,Oc1ccc(O)cc1,ph2,19.91279489,training
DTXSID6024175,Metalaxyl,57837-19-1,COCC(=O)N(c1c(C)cccc1C)C(C)C(=O)OC,ph1_v2,19.92104464,training
DTXSID1041978,Flufenoxuron,101463-69-8,O=C(NC(=O)c1c(F)cccc1F)Nc1ccc(Oc2ccc(C(F)(F)F)cc2Cl)cc1F,e1k,19.98275862,training
DTXSID8042187,"N,N'-Dibutylthiourea",109-46-6,CCCCNC(=S)NCCCC,e1k,20.02779923,training
DTXSID4026842,Methyl decanoate,110-42-9,CCCCCCCCCC(=O)OC,e1k,20.20025148,training
DTXSID0037495,Deisopropylatrazine,1007-28-9,CCNc1nc(N)nc(Cl)n1,ph1_v2,20.24758352,training
DTXSID0047167,N-Methylacetamide,79-16-3,CNC(C)=O,ph2,20.49402713,training
DTXSID2040151,Imidazolidinyl urea,39236-46-9,O=C(NCNC(=O)Nc1c(O)[nH]c(=O)n1CO)Nc1c(O)[nH]c(=O)n1CO,e1k,20.50571211,training
DTXSID0021389,Trichlorfon,52-68-6,COP(=O)(OC)C(O)C(Cl)(Cl)Cl,ph1_v2,20.76968355,training
DTXSID8021640,Nonanedioic acid,123-99-9,O=C(O)CCCCCCCC(=O)O,e1k,20.80110816,training
DTXSID2038788,"1,4-Cyclohexanedicarboxylic acid",1076-97-7,O=C(O)C1CCC(C(=O)O)CC1,e1k,20.82045129,training
DTXSID6020430,"1,2-Dichlorobenzene",95-50-1,Clc1ccccc1Cl,ph2,20.82203271,training
DTXSID2029325,Methyl dihydrojasmonate,24851-98-7,CCCCCC1C(=O)CCC1CC(=O)OC,e1k,20.85278648,training
DTXSID9022364,5alpha-Dihydrotestosterone,521-18-6,C[C@]12CCC(=O)C[C@@H]1CC[C@@H]1[C@@H]2CC[C@]2(C)[C@@H](O)CC[C@@H]12,ph2,20.90879737,training
DTXSID7027388,Diisooctyl adipate,1330-86-5,CC(C)CCCCCOC(=O)CCCCC(=O)OCCCCCC(C)C,e1k,21.02235627,training
DTXSID1047312,GSK232420A,864283-48-7,N#Cc1ccc(N(CC(N)=O)CC(F)(F)F)cc1C(F)(F)F,ph2,21.30148328,training
DTXSID9024699,tert-Butyl perbenzoate,614-45-9,CC(C)(C)OOC(=O)c1ccccc1,ph2,21.40501792,training
DTXSID5021413,"Tris(2,3-dibromopropyl) phosphate",126-72-7,O=P(OCC(Br)CBr)(OCC(Br)CBr)OCC(Br)CBr,e1k,21.44883331,training
DTXSID9032329,Bensulide,741-58-2,CC(C)OP(=S)(OC(C)C)SCCNS(=O)(=O)c1ccccc1,ph1_v2,21.50924199,training
DTXSID4024145,Hexazinone,51235-04-2,CN(C)c1nc(=O)n(C2CCCCC2)c(=O)n1C,ph1_v2,21.59537425,training
DTXSID0020575,Estragole,140-67-0,C=CCc1ccc(OC)cc1,e1k,21.60683116,training
DTXSID6020692,Methenamine,100-97-0,C1N2CN3CN1CN(C2)C3,ph2,21.65455646,training
DTXSID0021337,Thiabendazole,148-79-8,c1ccc2[nH]c(-c3cscn3)nc2c1,ph1_v2,21.78864009,training
DTXSID7047358,Nelivaptan,439687-69-1,COc1ccc(S(=O)(=O)N2C(=O)[C@@](c3ccccc3OC)(N3C[C@H](O)CC3C(=O)N(C)C)c3cc(Cl)ccc32)c(OC)c1,ph2,21.79435918,training
DTXSID1047368,SSR69071,344930-95-6,COc1cc(C(C)C)c2c(c1)S(=O)(=O)N(COc1cc(=O)n3cccc(OCCN4CCCCC4)c3n1)C2=O,ph2,22.0129657,training
DTXSID2047274,CP-114271,113734-18-2,CC(Cc1ccc(OCC(=O)O)cc1)NCC(O)c1csc(C(F)(F)F)n1,ph2,22.25274725,training
DTXSID6022345,"o,p'-DDT",789-02-6,Clc1ccc(C(c2ccccc2Cl)C(Cl)(Cl)Cl)cc1,ph2,22.54316839,training
DTXSID4022020,Bromacil,314-40-9,CCC(C)n1c(=O)[nH]c(C)c(Br)c1=O,ph1_v2,22.64063353,training
DTXSID4047628,Dicyclohexyl disulfide,2550-40-5,C1CCC(SSC2CCCCC2)CC1,ph2,22.68487771,training
DTXSID8032548,"4-(4-Chlorophenyl)-2-phenyl-2-(1H-1,2,4-triazol-1-ylmethyl)butyronitrile",114369-43-6,N#CC(CCc1ccc(Cl)cc1)(Cn1cncn1)c1ccccc1,ph1_v2,22.84631001,training
DTXSID4025296,2-Ethyl-2-hexenal,645-62-5,CCCC=C(C=O)CC,e1k,23.24152962,training
DTXSID1032569,Pirimicarb,23103-98-2,Cc1nc(N(C)C)nc(OC(=O)N(C)C)c1C,ph1_v2,23.29489186,training
DTXSID5024182,2-Methoxyethanol,109-86-4,COCCO,ph1_v2,23.30352888,training
DTXSID5040700,Trimethoxyphenylsilane,2996-92-1,CO[Si](OC)(OC)c1ccccc1,e1k,23.35682819,training
DTXSID5026706,"1,2-Diphenoxyethane",104-66-5,c1ccc(OCCOc2ccccc2)cc1,e1k,23.44322344,training
DTXSID1021087,Oxazepam,604-75-1,O=C1N=C(c2ccccc2)c2cc(Cl)ccc2NC1O,e1k,23.45827568,training
DTXSID9020827,Methoxychlor,72-43-5,COc1ccc(C(c2ccc(OC)cc2)C(Cl)(Cl)Cl)cc1,ph1_v2,23.80615702,training
DTXSID9020374,"p,p'-DDE",72-55-9,ClC(Cl)=C(c1ccc(Cl)cc1)c1ccc(Cl)cc1,ph2,23.80635068,training
DTXSID8024107,1-Methyl-3-phenyl-5-(3-(trifluoromethyl)phenyl)-4-pyridone,59756-60-4,Cn1cc(-c2ccccc2)c(=O)c(-c2cccc(C(F)(F)F)c2)c1,ph2,23.81681153,training
DTXSID6021086,Oxamyl,23135-22-0,CNC(=O)ON=C(SC)C(=O)N(C)C,ph1_v2,23.90825161,training
DTXSID1030606,Acesulfame potassium,55589-62-3,CC1=CC(=O)NS(=O)(=O)O1,e1k,23.95822806,training
DTXSID7041413,R-(-)-Carvone,6485-40-1,C=C(C)[C@@H]1C=CC(C)C(=O)C1,e1k,24.00197293,training
DTXSID8020541,"5,5-Diphenylhydantoin",57-41-0,O=C1NC(=O)C(c2ccccc2)(c2ccccc2)N1,ph2,24.06539013,training
DTXSID6023999,Cyromazine,66215-27-8,Nc1nc(N)nc(NC2CC2)n1,ph1_v2,24.21154228,training
DTXSID9032327,Bendiocarb,22781-23-3,CNC(=O)Oc1cccc2c1OC(C)(C)O2,ph1_v2,24.24852274,training
DTXSID0034223,Tebufenpyrad,119168-77-3,CCc1nn(C)c(C(=O)NCc2ccc(C(C)(C)C)cc2)c1Cl,ph1_v2,24.48961555,training
DTXSID0020654,Geranyl acetate,105-87-3,CC(=O)OC/C=C(\C)CCC=C(C)C,ph2,24.64922389,training
DTXSID3034618,Flufenpyr-ethyl,188489-07-8,CCOC(=O)COc1cc(-n2ncc(C(F)(F)F)c(C)c2=O)c(F)cc1Cl,ph1_v2,24.73664049,training
DTXSID9020877,1-Methylnaphthalene,90-12-0,Cc1cccc2ccccc12,ph2,24.77460317,training
DTXSID2029874,Fenofibrate,49562-28-9,CC(C)OC(=O)C(C)(C)Oc1ccc(C(=O)c2ccc(Cl)cc2)cc1,ph2,24.78664041,training
DTXSID4020371,Dapsone,80-08-0,Nc1ccc(S(=O)(=O)c2ccc(N)cc2)cc1,ph2,24.9769292,training
DTXSID2026997,4-Methoxybenzaldehyde,123-11-5,COc1ccc(C=O)cc1,e1k,25.00258327,training
DTXSID1027899,Ammonium xylene sulfonate,26447-10-9,Cc1ccc(S(=O)(=O)O)c(C)c1,e1k,25.03797636,training
DTXSID9032113,Tebuconazole,107534-96-3,CC(C)(C)C(O)(CCc1ccc(Cl)cc1)Cn1cncn1,ph2,25.51388567,training
DTXSID5032361,"2,2-Dibromo-3-nitrilopropionamide",10222-01-2,N#CC(Br)(Br)C(N)=O,ph2,25.75459734,training
DTXSID9020453,Dieldrin,60-57-1,ClC1=C(Cl)[C@]2(Cl)[C@@H]3[C@@H]4C[C@@H]([C@H]5O[C@@H]45)[C@@H]3[C@@]1(Cl)C2(Cl)Cl,ph2,25.87599323,training
DTXSID7029611,Ethylenebis(oxyethylene) dibenzoate,120-56-9,O=C(OCCOCCOCCOC(=O)c1ccccc1)c1ccccc1,e1k,25.99655172,training
DTXSID9020293,2-Chloroacetophenone,532-27-4,O=C(CCl)c1ccccc1,ph2,26.02292743,training
DTXSID5023875,Ammonium sulfamate,7773-06-0,NS(=O)(=O)O,e1k,26.08438792,training
DTXSID1032488,Thiazopyr,117718-60-2,COC(=O)c1c(C(F)F)nc(C(F)(F)F)c(C2=NCCS2)c1CC(C)C,ph1_v2,26.16959325,training
DTXSID7021655,Pentanoic acid,109-52-4,CCCCC(=O)O,e1k,26.28909552,training
DTXSID0034803,Penoxsulam,219714-96-2,COc1cnc(OC)n2nc(NS(=O)(=O)c3c(OCC(F)F)cccc3C(F)(F)F)nc12,ph1_v2,26.4652297,training
DTXSID0048181,4-tert-Butylaniline,769-92-6,CC(C)(C)c1ccc(N)cc1,e1k,26.68535746,training
DTXSID0047539,"Hexane-1,6-diyl dibenzoate",22915-73-7,O=C(OCCCCCCOC(=O)c1ccccc1)c1ccccc1,ph2,26.75545221,training
DTXSID4044828,Ethyl undec-10-enoate,692-86-4,C=CCCCCCCCCC(=O)OCC,e1k,26.81895375,training
DTXSID0026252,Triphenyl phosphite,101-02-0,c1ccc(OP(Oc2ccccc2)Oc2ccccc2)cc1,ph2,26.89648581,training
DTXSID9021427,Urethane,51-79-6,CCOC(N)=O,ph2,26.92473118,training
DTXSID2026523,Symclosene,87-90-1,O=c1n(Cl)c(=O)n(Cl)c(=O)n1Cl,ph1_v2,27.10813763,training
DTXSID4025662,Methyl styryl ketone,122-57-6,CC(=O)C=Cc1ccccc1,e1k,27.29448614,training
DTXSID1041639,Sodium m-xylene-4-sulfonate,827-21-4,Cc1ccc(S(=O)(=O)O)c(C)c1,e1k,27.76216216,training
DTXSID1047497,Octyl decyl phthalate,119-07-3,CCCCCCCCCCOC(=O)c1ccccc1C(=O)OCCCCCCCC,e1k,28.02162162,training
DTXSID5020281,1-Chloro-4-nitrobenzene,100-00-5,O=[N+]([O-])c1ccc(Cl)cc1,ph2,28.03806439,training
DTXSID9020372,"1-(2-Chlorophenyl)-1-(4-chlorophenyl)-2,2-dichloroethane",53-19-0,Clc1ccc(C(c2ccccc2Cl)C(Cl)Cl)cc1,e1k,28.04435417,training
DTXSID0021460,Zearalenone,17924-92-4,C[C@H]1CCCC(=O)CCC=CCc2cc(O)cc(O)c2C(=O)O1,e1k,28.09096926,training
DTXSID6032649,Tetramethrin,7696-12-0,CC(C)=CC1C(C(=O)OCN2C(=O)C3=C(CCCC3)C2=O)C1(C)C,ph1_v2,28.11901606,training
DTXSID5021758,Tris(2-butoxyethyl) phosphate,78-51-3,CCCCOCCOP(=O)(OCCOCCCC)OCCOCCCC,e1k,28.45604589,training
DTXSID7029661,"3,5,5-Trimethyl-1-hexanol",3452-97-9,CC(CCO)CC(C)(C)C,e1k,28.50079693,training
DTXSID6042232,Hydroxycitronellal,107-75-5,CC(CC=O)CCCC(C)(C)O,e1k,28.68346295,training
DTXSID6041557,Dihydromyrcenol,53219-21-9,C=C(CC)CCCC(C)(C)O,e1k,28.92535107,training
DTXSID6043915,"17-((1-Oxohexyl)oxy)pregn-4-ene-3,20-dione",630-56-8,CCCCCC(=O)O[C@]1(C(C)=O)CC[C@H]2[C@@H]3CC=C4CC(=O)CC[C@]4(C)[C@H]3CC[C@@]21C,e1k,29.045285,training
DTXSID3020966,4-Nitrobenzoic acid,62-23-7,O=C(O)c1ccc([N+](=O)[O-])cc1,ph2,29.07449577,training
DTXSID7041544,Tonalide,21145-77-7,CC(=O)c1cc2c(cc1C)C(C)(C)C(C)CC2(C)C,e1k,29.11231825,training
DTXSID5044815,Dibutyl azelate,2917-73-9,CCCCOC(=O)CCCCCCCC(=O)OCCCC,e1k,29.16896552,training
DTXSID0026967,Diethylene glycol dibenzoate,120-55-8,O=C(OCCOCCOC(=O)c1ccccc1)c1ccccc1,ph2,29.24547371,training
DTXSID8037754,"2,4,6-Tris(allyloxy)-1,3,5-triazine",101-37-1,C=CCOc1nc(OCC=C)nc(OCC=C)n1,e1k,29.31811822,training
DTXSID6034392,Boscalid,188425-85-6,O=C(Nc1ccccc1-c1ccc(Cl)cc1)c1cccnc1Cl,ph1_v2,29.32338477,training
DTXSID4042206,1-Dodecyl-2-pyrrolidinone,2687-96-9,CCCCCCCCCCCCN1CCCC1=O,ph2,29.6744298,training
DTXSID9022366,Estriol,50-27-1,C[C@]12CC[C@@H]3c4ccc(O)cc4CC[C@H]3[C@@H]1C[C@@H](O)[C@@H]2O,e1k,29.7474482,training
DTXSID8033562,Hydroxyflutamide,52806-53-8,CC(C)(O)C(=O)Nc1ccc([N+](=O)[O-])c(C(F)(F)F)c1,ph2,29.77368128,training
DTXSID5038830,"alpha,alpha-Dimethylphenethyl butyrate",10094-34-5,CCCC(=O)OC(C)(C)Cc1ccccc1,e1k,29.90752663,training
DTXSID6027052,"2,6-Di-tert-butylphenol",128-39-2,CC(C)(C)c1cccc(C(C)(C)C)c1O,ph2,29.96542226,training
DTXSID3047265,CP-471358,NOCAS_47265,O=C(O)CCN(C1(C(O)=NO)CCCC1)S(=O)(=O)c1ccc(Oc2ccc(F)cc2)cc1,ph2,30.03910792,training
DTXSID1026164,2-Methylaniline,95-53-4,Cc1ccccc1N,ph2,30.11103251,training
DTXSID3021196,"2,4-Bis(isopropylamino)-6-chloro-1,3,5-triazine",139-40-2,CC(C)Nc1nc(Cl)nc(NC(C)C)n1,ph1_v2,30.11610412,training
DTXSID5021831,3-Nitrotoluene,99-08-1,Cc1cccc([N+](=O)[O-])c1,ph2,30.12226214,training
DTXSID7027833,2-Ethyl-6-methylaniline,24549-06-2,CCc1cccc(C)c1N,e1k,30.2902226,training
DTXSID2024242,Paclobutrazol,76738-62-0,CC(C)(C)[C@@H](O)[C@@H](Cc1ccc(Cl)cc1)n1cncn1,ph1_v2,30.37706681,training
DTXSID8022292,Permethrin,52645-53-1,CC1(C)C(C=C(Cl)Cl)C1C(=O)OCc1cccc(Oc2ccccc2)c1,ph1_v2,30.38485589,training
DTXSID7032004,Flutamide,13311-84-7,CC(C)C(=O)Nc1ccc([N+](=O)[O-])c(C(F)(F)F)c1,ph2,30.39852015,training
DTXSID8040222,Trifloxysulfuron-sodium,199119-58-9,COc1cc(OC)nc(NC(=O)NS(=O)(=O)c2ncccc2OCC(F)(F)F)n1,ph1_v2,30.51858878,training
DTXSID6024200,m-Cresol,108-39-4,Cc1cccc(O)c1,e1k,30.5726174,training
DTXSID1023990,Cyanazine,21725-46-2,CCNc1nc(Cl)nc(NC(C)(C)C#N)n1,ph1_v2,30.74465706,training
DTXSID9029221,Clopyralid,1702-17-6,O=C(O)c1nc(Cl)ccc1Cl,ph1_v2,30.75198002,training
DTXSID1048201,Cyclobutyl phenyl ketone,5407-98-7,O=C(c1ccccc1)C1CCC1,e1k,30.81325662,training
DTXSID9036515,Testosterone propionate,57-85-2,CCC(=O)O[C@H]1CC[C@H]2[C@@H]3CC=C4CC(=O)CC[C@]4(C)[C@H]3CC[C@]12C,ph2,31.28661746,training
DTXSID4034497,Metconazole,125116-23-6,CC1(C)CCC(Cc2ccc(Cl)cc2)C1(O)Cn1cncn1,e1k,31.7146706,training
DTXSID6024624,Bisphenol A diglycidyl ether,1675-54-3,CC(C)(c1ccc(OCC2CO2)cc1)c1ccc(OCC2CO2)cc1,e1k,31.89257239,training
DTXSID5026889,Methyl dodecanoate,111-82-0,CCCCCCCCCCCC(=O)OC,ph2,32.11041435,training
DTXSID7027887,Bis(2-ethylhexyl) tetrabromophthalate,26040-51-7,CCCCC(CC)COC(=O)c1c(Br)c(Br)c(Br)c(Br)c1C(=O)OCC(CC)CCCC,e1k,32.41080561,training
DTXSID1032513,"(3,5-Dimethyl-1H-pyrazol-1-yl)methanol",85264-33-1,Cc1cc(C)n(CO)n1,e1k,32.82465892,training
DTXSID6048175,Difpas-pyrazole,151506-44-4,COc1ccc(-n2nc(C(F)F)cc2-c2ccc([S+](C)[O-])cc2)cc1,ph2,33.11058075,training
DTXSID8032544,"Dipropyl 2,5-pyridinedicarboxylate",136-45-8,CCCOC(=O)c1ccc(C(=O)OCCC)nc1,ph1_v2,33.16388284,training
DTXSID5025659,Methyl salicylate,119-36-8,COC(=O)c1ccccc1O,ph2,33.19129381,training
DTXSID6024836,"3,7-Dimethyl-2,6-octadienal",5392-40-5,CC(C)=CCCC(C)=CC=O,ph2,33.45232234,training
DTXSID3032591,"1-Bromo-3-chloro-5,5-dimethylhydantoin",16079-88-2,CC1(C)C(=O)N(Cl)C(=O)N1Br,e1k,33.53341798,training
DTXSID7027461,Thiocarbazide,2231-57-4,NNC(=S)NN,e1k,34.10819949,training
DTXSID0048187,1-Methoxy-4-tert-pentylcyclohexane,199584-38-8,CCC(C)(C)C1CCC(OC)CC1,e1k,34.20293201,training
DTXSID6026298,m-Xylene,108-38-3,Cc1cccc(C)c1,e1k,34.23499577,training
DTXSID1021798,Quinoline,91-22-5,c1ccc2ncccc2c1,ph2,34.26009508,training
DTXSID9034818,Azamethiphos,35575-96-3,COP(=O)(OC)SCn1c(=O)oc2cc(Cl)cnc21,ph1_v2,34.26065234,training
DTXSID3020257,"1,?2-?Benzenediol",120-80-9,Oc1ccccc1O,ph2,34.39157724,training
DTXSID0020446,Diuron,330-54-1,CN(C)C(=O)Nc1ccc(Cl)c(Cl)c1,ph1_v2,34.40273255,training
DTXSID5044578,"Sodium 2,5-dimethylbenzenesulfonate",827-19-0,Cc1ccc(C)c(S(=O)(=O)O)c1,e1k,34.70395792,training
DTXSID6027921,"Dipropylene glycol, dibenzoate",27138-31-4,CC(COC(=O)c1ccccc1)OC(C)COC(=O)c1ccccc1,ph2,34.72907219,training
DTXSID8020913,Naphthalene,91-20-3,c1ccc2ccccc2c1,ph2,34.78095238,training
DTXSID1029170,4-Methylpent-3-en-2-one,141-79-7,CC(=O)C=C(C)C,e1k,34.80227032,training
DTXSID9034282,4-Chlorophenoxyacetic acid,122-88-3,O=C(O)COc1ccc(Cl)cc1,e1k,34.84843869,training
DTXSID9048198,4-Propylcyclohexanone,40649-36-3,CCCC1CCC(=O)CC1,e1k,34.91861942,training
DTXSID8042006,Glyceryl monooctanoate,26402-26-6,CCCCCCCC(=O)OCC(O)CO,e1k,34.99942283,training
DTXSID7021940,1-Octanol,111-87-5,CCCCCCCCO,ph2,35.09096123,training
DTXSID2034590,Fenamidone,161326-34-7,CSC1=N[C@@](C)(c2ccccc2)C(=O)N1Nc1ccccc1,ph1_v2,35.28259574,training
DTXSID6047280,CP-607366,289716-94-5,CNCc1cc(F)ccc1Oc1ccc(Cl)c(Cl)c1,ph2,35.52130341,training
DTXSID6048200,"2,4,6-Trimethylbenzoic acid",480-63-7,Cc1cc(C)c(C(=O)O)c(C)c1,e1k,35.68456509,training
DTXSID5020108,Aspirin,50-78-2,CC(=O)Oc1ccccc1C(=O)O,ph2,36.61919847,training
DTXSID0029133,4-Hydroxyacetophenone,99-93-4,CC(=O)c1ccc(O)cc1,e1k,36.71860899,training
DTXSID0023951,Carboxin,5234-68-4,CC1=C(C(=O)Nc2ccccc2)SCCO1,ph1_v2,36.7351515,training
DTXSID3026641,"1,3-Benzenedicarbonyl dichloride",99-63-8,O=C(Cl)c1cccc(C(=O)Cl)c1,e1k,36.82690572,training
DTXSID5041273,Pyrazolone T,118-47-8,O=C(O)c1cc(=O)n(-c2ccc(S(=O)(=O)O)cc2)[nH]1,e1k,36.86465937,training
DTXSID3034531,Thiophanate,23564-06-9,CCOC(=O)NC(=S)Nc1ccccc1NC(=S)NC(=O)OCC,e1k,36.90784463,training
DTXSID8021804,Benzocaine,94-09-7,CCOC(=O)c1ccc(N)cc1,e1k,37.26563229,training
DTXSID9047255,CP-465394,NOCAS_47255,CC(C)c1cccc(C(C)C)c1NC(=O)NS(=O)(=O)c1cc(C(C)(C)O)co1,ph2,37.27195516,training
DTXSID1020350,2-Methoxy-5-methylaniline,120-71-8,COc1ccc(C)cc1N,ph2,37.4339695,training
DTXSID4020379,Dehydroepiandrosterone,53-43-0,C[C@]12CC[C@H](O)CC1=CC[C@@H]1[C@@H]2CC[C@]2(C)C(=O)CC[C@@H]12,e1k,37.53028781,training
DTXSID3023899,Benfluralin,1861-40-1,CCCCN(CC)c1c([N+](=O)[O-])cc(C(F)(F)F)cc1[N+](=O)[O-],ph1_v2,37.54389325,training
DTXSID5025021,Dicyclohexyl phthalate,84-61-7,O=C(OC1CCCCC1)c1ccccc1C(=O)OC1CCCCC1,e1k,37.80759881,training
DTXSID1032690,Indoxacarb,173584-44-6,COC(=O)N(C(=O)N1CO[C@@]2(C(=O)OC)Cc3cc(Cl)ccc3C2=N1)c1ccc(OC(F)(F)F)cc1,ph1_v2,37.86728564,training
DTXSID9048196,4-tert-Butylbenzenethiol,2396-68-1,CC(C)(C)c1ccc(S)cc1,e1k,37.94364052,training
DTXSID7027916,Neodecanoic acid,26896-20-8,CC(C)(C)CCCCCC(=O)O,e1k,38.02431516,training
DTXSID0042454,"(+/-)-2,3-Dihydroxypropyl tetradecanoate",589-68-4,CCCCCCCCCCCCCC(=O)OCC(O)CO,e1k,38.11236204,training
DTXSID3022455,Dimethyl phthalate,131-11-3,COC(=O)c1ccccc1C(=O)OC,ph1_v2,38.16220644,training
DTXSID1027263,Pentyl acetate,628-63-7,CCCCCOC(C)=O,ph2,38.29340463,training
DTXSID4026183,Tributylamine,102-82-9,CCCCN(CCCC)CCCC,ph2,38.52612801,training
DTXSID1041550,(S)-(-)-beta-Citronellol,7540-51-4,CC(C)=CCC[C@H](C)CCO,e1k,38.75517241,training
DTXSID4042171,4-Dodecylmorpholine,1541-81-7,CCCCCCCCCCCCN1CCOCC1,e1k,38.75984997,training
DTXSID9034232,2-(m-Chlorophenoxy)propionic acid,101-10-0,CC(Oc1cccc(Cl)c1)C(=O)O,ph1_v2,38.807782,training
DTXSID7021364,2-Methylaniline hydrochloride,636-21-5,Cc1ccccc1N,e1k,39.01776062,training
DTXSID9020407,Diazinon,333-41-5,CCOP(=S)(OCC)Oc1cc(C)nc(C(C)C)n1,ph1_v2,39.14527581,training
DTXSID3034402,Butachlor,23184-66-9,CCCCOCN(C(=O)CCl)c1c(CC)cccc1CC,ph1_v2,39.16557518,training
DTXSID7038864,"2,2'-Methylenebis(ethyl-6-tert-butylphenol)",88-24-4,CCc1cc(Cc2cc(CC)cc(C(C)(C)C)c2O)c(O)c(C(C)(C)C)c1,e1k,39.25361887,training
DTXSID7026867,Decanedioic acid,111-20-6,O=C(O)CCCCCCCCC(=O)O,e1k,39.50263121,training
DTXSID0020498,Dimethyl terephthalate,120-61-6,COC(=O)c1ccc(C(=O)OC)cc1,ph2,39.63659847,training
DTXSID1022265,Alachlor,15972-60-8,CCc1cccc(CC)c1N(COC)C(=O)CCl,ph1_v2,39.65095788,training
DTXSID7020479,Dimethoate,60-51-5,CNC(=O)CSP(=S)(OC)OC,ph1_v2,39.70234844,training
DTXSID8034586,Etoxazole,153233-91-1,CCOc1cc(C(C)(C)C)ccc1C1COC(c2c(F)cccc2F)=N1,ph1_v2,40.06280721,training
DTXSID8025886,"Ethyl 2,3-epoxy-3-phenylpropionate",121-39-1,CCOC(=O)C1OC1c1ccccc1,e1k,40.1047318,training
DTXSID5047291,CI-1044,NOCAS_47291,Nc1cc2c3c(c1)C(c1ccccc1)=NC(NC(=O)c1cccnc1)C(=O)N3CC2,ph2,40.14899945,training
DTXSID1024259,Phosalone,2310-17-0,CCOP(=S)(OCC)SCn1c(=O)oc2cc(Cl)ccc21,ph1_v2,40.18784142,training
DTXSID1025805,Octhilinone,26530-20-1,CCCCCCCCn1sccc1=O,ph2,40.31512208,training
DTXSID5023900,Benomyl,17804-35-2,CCCCNC(=O)n1c(NC(=O)OC)nc2ccccc21,ph1_v2,40.41271105,training
DTXSID6024337,Thiobencarb,28249-77-6,CCN(CC)C(=O)SCc1ccc(Cl)cc1,ph1_v2,40.64786123,training
DTXSID1024255,Phenmedipham,13684-63-4,COC(=O)Nc1cccc(OC(=O)Nc2cccc(C)c2)c1,e1k,40.68085738,training
DTXSID8027402,Dimethyl isophthalate,1459-93-4,COC(=O)c1cccc(C(=O)OC)c1,e1k,40.71821228,training
DTXSID9034365,Butafenacil,134605-64-4,C=CCOC(=O)C(C)(C)OC(=O)c1cc(-n2c(=O)cc(C(F)(F)F)n(C)c2=O)ccc1Cl,ph1_v2,40.93170876,training
DTXSID4042094,Levomenol,23089-26-1,CC(C)=CCC[C@](C)(O)[C@@H]1CC=C(C)CC1,e1k,41.00234643,training
DTXSID6020014,Dehydroacetic acid,520-45-6,CC(=O)c1c(O)cc(C)oc1=O,e1k,41.03671072,training
DTXSID9029223,"1,1-Bis(3,4-dimethylphenyl)ethane",1742-14-9,Cc1ccc(C(C)c2ccc(C)c(C)c2)cc1C,e1k,41.05115299,training
DTXSID7027047,alpha-Isomethylionone,127-51-5,CC(=O)C(C)=CC1=C(C)CCCC1(C)C,ph2,41.29868438,training
DTXSID7026029,Sodium dehydroacetate,4418-26-2,CC(=O)c1c(O)cc(C)oc1=O,ph2,41.65370229,training
DTXSID5024845,Colchicine,64-86-8,COc1cc2c(c(OC)c1OC)-c1ccc(OC)c(=O)cc1[C@@H](NC(C)=O)CC2,ph2,41.69627131,training
DTXSID9048194,Heptanophenone,1671-75-6,CCCCCCC(=O)c1ccccc1,e1k,41.6969697,training
DTXSID7047279,CP-532623,261947-38-0,CC[C@@H]1C[C@H](N(Cc2cc(C(F)(F)F)cc(C(F)(F)F)c2)C(C)=O)c2cc(C(F)(F)F)ccc2N1C(=O)OC(C)C,ph2,41.73314356,training
DTXSID3020336,Clofibrate,637-07-0,CCOC(=O)C(C)(C)Oc1ccc(Cl)cc1,ph2,42.10100777,training
DTXSID6034928,Spirodiclofen,148477-71-8,CCC(C)(C)C(=O)OC1=C(c2ccc(Cl)cc2Cl)C(=O)OC12CCCCC2,ph1_v2,42.55183209,training
DTXSID3047180,Triisodecyl trimellitate,36631-30-8,O=COCCC(OC=O)c1ccccc1,e1k,43.03187433,training
DTXSID3020887,6-Methylquinoline,91-62-3,Cc1ccc2ncccc2c1,ph2,43.13250709,training
DTXSID0022436,"4,4-Bis(4-hydroxyphenyl)valeric acid",126-00-1,CC(CCC(=O)O)(c1ccc(O)cc1)c1ccc(O)cc1,e1k,43.31008806,training
DTXSID5020152,Benzyl alcohol,100-51-6,OCc1ccccc1,ph2,43.34284607,training
DTXSID2021600,Heptanoic acid,111-14-8,CCCCCCC(=O)O,ph2,43.3437267,training
DTXSID9021217,Pyrimethamine,58-14-0,CCc1nc(N)nc(N)c1-c1ccc(Cl)cc1,ph2,43.57184951,training
DTXSID7021780,Diethyl phthalate,84-66-2,CCOC(=O)c1ccccc1C(=O)OCC,ph2,44.11638145,training
DTXSID1032640,Pyriproxyfen,95737-68-1,CC(COc1ccc(Oc2ccccc2)cc1)Oc1ccccn1,ph1_v2,44.69450297,training
DTXSID9032379,Dithiopyr,97886-45-8,CSC(=O)c1c(C(F)F)nc(C(F)(F)F)c(C(=O)SC)c1CC(C)C,ph1_v2,44.75036396,training
DTXSID1027429,Cyclododecanol,1724-39-6,OC1CCCCCCCCCCC1,e1k,44.92612338,training
DTXSID5048182,Cyclohexylphenylketone,712-50-5,O=C(c1ccccc1)C1CCCCC1,ph2,45.4525882,training
DTXSID9037745,4-tert-Butylphenyl salicylate,87-18-3,CC(C)(C)c1ccc(OC(=O)c2ccccc2O)cc1,e1k,45.67223956,training
DTXSID7029904,Fluorotelomer alcohol 8:2,678-39-7,OCCC(F)(F)C(F)(F)C(F)(F)C(F)(F)C(F)(F)C(F)(F)C(F)(F)C(F)(F)F,ph2,45.82429819,training
DTXSID1048207,Diphenyl phosphate,838-85-7,O=P(O)(Oc1ccccc1)Oc1ccccc1,e1k,45.8429133,training
DTXSID3034456,Cinmethylin,87818-31-3,Cc1ccccc1CO[C@@H]1C[C@@]2(C(C)C)CC[C@]1(C)O2,ph1_v2,45.90225665,training
DTXSID1025857,"1,10-Phenanthroline",66-71-7,c1cnc2c(c1)ccc1cccnc12,e1k,46.07258687,training
DTXSID5020869,"4,4'-Methylenebis(N,N-dimethylaniline)",101-61-1,CN(C)c1ccc(Cc2ccc(N(C)C)cc2)cc1,ph2,46.16143466,training
DTXSID4047383,AVE3247,1437319-46-4,O=C(O)c1ccc2c(c1)nc(C(=O)NC1CCN(C3CC3)CC1)n2Cc1cc(-c2ccc(Cl)s2)on1,ph2,46.21178376,training
DTXSID0035160,alpha-Ionone,127-41-3,CC(=O)C=CC1=C(C)CCCC1(C)C,e1k,46.23301514,training
DTXSID2021947,1-Tridecanol,112-70-9,CCCCCCCCCCCCCO,ph2,46.31688372,training
DTXSID0032651,Thidiazuron,51707-55-2,O=C(Nc1ccccc1)Nc1cnns1,ph1_v2,46.33093934,training
DTXSID8022377,17alpha-Estradiol,57-91-0,C[C@]12CC[C@@H]3c4ccc(O)cc4CC[C@H]3[C@@H]1CC[C@H]2O,ph2,46.84819959,training
DTXSID4032667,Esfenvalerate,66230-04-4,CC(C)C(C(=O)O[C@H](C#N)c1cccc(Oc2ccccc2)c1)c1ccc(Cl)cc1,ph1_v2,47.13961376,training
DTXSID8021808,o-Cresol,95-48-7,Cc1ccccc1O,ph2,47.35978433,training
DTXSID6034005,Sulfamic acid,5329-14-6,NS(=O)(=O)O,e1k,47.53408946,training
DTXSID8024234,Norflurazon,27314-13-2,CNc1cnn(-c2cccc(C(F)(F)F)c2)c(=O)c1Cl,ph1_v2,47.9953998,training
DTXSID5035957,Cyfluthrin,68359-37-5,CC1(C)C(C=C(Cl)Cl)C1C(=O)OC(C#N)c1ccc(F)c(Oc2ccccc2)c1,ph1_v2,48.13973207,training
DTXSID1024338,Thiophanate-methyl,23564-05-8,COC(=O)NC(=S)Nc1ccccc1NC(=S)NC(=O)OC,ph1_v2,48.3046104,training
DTXSID7037185,Amiodarone hydrochloride,19774-82-4,CCCCc1oc2ccccc2c1C(=O)c1cc(I)c(OCCN(CC)CC)c(I)c1,ph2,48.35993376,training
DTXSID8047266,CP-544439,230954-09-3,O=S(=O)(NC1(C(O)=NO)CCOCC1)c1ccc(Oc2ccc(F)cc2)cc1,ph2,48.36353503,training
DTXSID9027522,Octrizole,3147-75-9,CC(C)(C)CC(C)(C)c1ccc(O)c(-n2nc3ccccc3n2)c1,ph2,49.24034292,training
DTXSID0023296,Methylene blue,61-73-4,CN(C)c1ccc2nc3ccc(N(C)C)cc3[s+]c2c1,e1k,49.27574839,training
DTXSID5031131,Dipentyl phthalate,131-18-0,CCCCCOC(=O)c1ccccc1C(=O)OCCCCC,ph2,49.6344086,training
DTXSID0029214,Methylionone,1335-46-2,CC(=O)C=CC1=C(C)C(C)CCC1(C)C,e1k,49.80849984,training
DTXSID4024276,Propargite,2312-35-8,C#CCOS(=O)OC1CCCCC1Oc1ccc(C(C)(C)C)cc1,ph1_v2,50.10077497,training
DTXSID8025595,"N,N'-Methylenebisacrylamide",110-26-9,C=CC(=O)NCNC(=O)C=C,ph2,50.27307934,training
DTXSID6027050,Sodium dimethyldithiocarbamate,128-04-1,CN(C)C(=S)S,ph2,50.30364372,training
DTXSID1034503,Cyhalofop-butyl,122008-85-9,CCCCOC(=O)C(C)Oc1ccc(Oc2ccc(C#N)cc2F)cc1,ph1_v2,51.08613392,training
DTXSID9025403,Hexyl benzoate,6789-88-4,CCCCCCOC(=O)c1ccccc1,e1k,51.15308454,training
DTXSID1024174,Tribufos,78-48-8,CCCCSP(=O)(SCCCC)SCCCC,ph1_v2,51.23860244,training
DTXSID8023848,Acetochlor,34256-82-1,CCOCN(C(=O)CCl)c1c(C)cccc1CC,ph1_v2,51.42730888,training
DTXSID4022529,Methylparaben,99-76-3,COC(=O)c1ccc(O)cc1,ph2,51.54176611,training
DTXSID9032610,Etofenprox,80844-07-1,CCOc1ccc(C(C)(C)COCc2cccc(Oc3ccccc3)c2)cc1,ph2,51.73568338,training
DTXSID2021995,DEET,134-62-3,CCN(CC)C(=O)c1cccc(C)c1,ph1_v2,51.7722556,training
DTXSID7024160,Lactofen,77501-63-4,CCOC(=O)C(C)OC(=O)c1cc(Oc2ccc(C(F)(F)F)cc2Cl)ccc1[N+](=O)[O-],ph1_v2,51.80502458,training
DTXSID1041425,(2E)-2-Hexenal,6728-26-3,CCC/C=C/C=O,e1k,52.15690993,training
DTXSID3024235,Flusilazole,85509-19-9,C[Si](Cn1cncn1)(c1ccc(F)cc1)c1ccc(F)cc1,ph1_v2,52.16915692,training
DTXSID4047252,Ingliforib,186392-65-4,O=C(NC(Cc1ccccc1)C(O)C(=O)N1C[C@@H](O)[C@@H](O)C1)c1cc2cc(Cl)ccc2[nH]1,ph2,52.24958602,training
DTXSID4020870,"2,2'-Methylenebis(4-methyl-6-tert-butylphenol)",119-47-1,Cc1cc(Cc2cc(C)cc(C(C)(C)C)c2O)c(O)c(C(C)(C)C)c1,e1k,52.26248236,training
DTXSID0023113,2-Methoxyphenol,90-05-1,COc1ccccc1O,e1k,52.30247816,training
DTXSID5041275,1-Monolaurin,142-18-7,CCCCCCCCCCCC(=O)OCC(O)CO,e1k,52.35598193,training
DTXSID1025300,2-Ethylhexyl diphenyl phosphate,1241-94-7,CCCCC(CC)COP(=O)(Oc1ccccc1)Oc1ccccc1,e1k,53.08344865,training
DTXSID2021602,Hexadecanoic acid,57-10-3,CCCCCCCCCCCCCCCC(=O)O,e1k,53.42349958,training
DTXSID5022489,E-Cinnamic acid,140-10-3,O=C(O)/C=C/c1ccccc1,e1k,53.52134573,training
DTXSID8040721,4-Cyclohexylcyclohexanone,92-68-2,O=C1CCC(C2CCCCC2)CC1,ph2,53.56646193,training
DTXSID8041298,gamma-Caprolactone,695-06-7,CCC1CCC(=O)O1,e1k,54.03750078,training
DTXSID5023871,Amitraz,33089-61-1,Cc1ccc(N=CN(C)C=Nc2ccc(C)cc2C)c(C)c1,ph1_v2,54.05723575,training
DTXSID9033923,Procymidone,32809-16-8,CC12CC1(C)C(=O)N(c1cc(Cl)cc(Cl)c1)C2=O,ph2,54.25341574,training
DTXSID1034634,Forchlorfenuron,68157-60-8,O=C(Nc1ccccc1)Nc1ccnc(Cl)c1,ph1_v2,54.5701204,training
DTXSID8020628,Fluometuron,2164-17-2,CN(C)C(=O)Nc1cccc(C(F)(F)F)c1,ph1_v2,54.8196317,training
DTXSID9020160,Bifenthrin,82657-04-3,Cc1c(COC(=O)C2[C@H](/C=C(\Cl)C(F)(F)F)C2(C)C)cccc1-c1ccccc1,ph1_v2,54.81977062,training
DTXSID0041274,"1-Phenyl-1H-pyrrole-2,5-dione",941-69-5,O=C1C=CC(=O)N1c1ccccc1,e1k,54.95343681,training
DTXSID8035423,"1,4-Dimethylnaphthalene",571-58-4,Cc1ccc(C)c2ccccc12,e1k,55.0371569,training
DTXSID1021160,Picloram,1918-02-1,Nc1c(Cl)c(Cl)nc(C(=O)O)c1Cl,ph1_v2,55.14258799,training
DTXSID1021322,Tetraethylthiuram disulfide,97-77-8,CCN(CC)C(=S)SSC(=S)N(CC)CC,ph2,55.15289769,training
DTXSID1021871,4-Chlorophenol,106-48-9,Oc1ccc(Cl)cc1,e1k,55.25042103,training
DTXSID9024304,Sethoxydim,74051-80-2,CCCC(=NOCC)C1C(=O)CC(CC(C)SCC)CC1=O,ph1_v2,55.52796095,training
DTXSID5024261,Phosmet,732-11-6,COP(=S)(OC)SCN1C(=O)c2ccccc2C1=O,ph2,55.73931994,training
DTXSID3021483,Phenylacetaldehyde,122-78-1,O=CCc1ccccc1,e1k,55.79512968,training
DTXSID0020573,17beta-Estradiol,50-28-2,C[C@]12CC[C@@H]3c4ccc(O)cc4CC[C@H]3[C@@H]1CC[C@@H]2O,ph2,55.84598254,training
DTXSID7026368,Salicylic acid,69-72-7,O=C(O)c1ccccc1O,e1k,55.85022026,training
DTXSID7025132,"1,2-Dimethyl-3-nitrobenzene",83-41-0,Cc1cccc([N+](=O)[O-])c1C,ph2,55.98698153,training
DTXSID3020964,Nitrobenzene,98-95-3,O=[N+]([O-])c1ccccc1,ph2,56.07743296,training
DTXSID7024299,Hexythiazox,78587-05-0,C[C@H]1[C@H](c2ccc(Cl)cc2)SC(=O)N1C(=O)NC1CCCCC1,ph1_v2,56.37578145,training
DTXSID2040731,Diisopropyl phthalate,605-45-8,CC(C)OC(=O)c1ccccc1C(=O)OC(C)C,e1k,56.46553758,training
DTXSID4022731,Carbamazepine,298-46-4,NC(=O)N1c2ccccc2C=Cc2ccccc21,ph2,56.58715706,training
DTXSID5044572,2-(Perfluorohexyl)ethanol,647-42-7,OCCC(F)(F)C(F)(F)C(F)(F)C(F)(F)C(F)(F)C(F)(F)F,ph2,56.84007707,training
DTXSID0022777,Celecoxib,169590-42-5,Cc1ccc(-c2cc(C(F)(F)F)nn2-c2ccc(S(N)(=O)=O)cc2)cc1,ph2,56.9040445,training
DTXSID3020673,FD&C Green No. 3,2353-45-9,CCN(Cc1cccc(S(=O)(=O)O)c1)c1ccc(C(=C2C=CC(=[N+](CC)Cc3cccc(S(=O)(=O)O)c3)C=C2)c2ccc(O)cc2S(=O)(=O)[O-])cc1,e1k,56.93003285,training
DTXSID0021597,Heptanal,111-71-7,CCCCCCC=O,e1k,56.93281853,training
DTXSID6032354,Clodinafop-propargyl,105512-06-9,C#CCOC(=O)C(C)Oc1ccc(Oc2ncc(Cl)cc2F)cc1,ph1_v2,57.34298198,training
DTXSID7032559,lambda-Cyhalothrin,91465-08-6,CC1(C)C(C(=O)O[C@@H](C#N)c2cccc(Oc3ccccc3)c2)[C@H]1/C=C(\Cl)C(F)(F)F,e1k,57.3608084,training
DTXSID1020144,Benzoin,119-53-9,O=C(c1ccccc1)C(O)c1ccccc1,e1k,57.36860588,training
DTXSID4034609,Fipronil,120068-37-3,N#Cc1nn(-c2c(Cl)cc(C(F)(F)F)cc2Cl)c(N)c1[S+]([O-])C(F)(F)F,ph1_v2,57.40167919,training
DTXSID9021847,Diphenyl oxide,101-84-8,c1ccc(Oc2ccccc2)cc1,e1k,57.91622239,training
DTXSID4027236,"2,3-Dinitrotoluene",602-01-7,Cc1cccc([N+](=O)[O-])c1[N+](=O)[O-],ph2,57.98867553,training
DTXSID8022111,"N-(3,4-Dichlorophenyl)propanamide",709-98-8,CCC(=O)Nc1ccc(Cl)c(Cl)c1,ph1_v2,57.99510476,training
DTXSID4027656,2-Ethylhexyl thioglycolate,7659-86-1,CCCCC(CC)COC(=O)CS,e1k,58.70978609,training
DTXSID0047296,Zenarestat,112733-06-9,O=C(O)Cn1c(=O)n(Cc2ccc(Br)cc2F)c(=O)c2ccc(Cl)cc21,ph2,59.04283366,training
DTXSID0022480,3-Ethylphenol,620-17-7,CCc1cccc(O)c1,e1k,59.26754322,training
DTXSID6034972,Thymol,89-83-8,Cc1ccc(C(C)C)c(O)c1,ph2,59.32257226,training
DTXSID5025607,Methyleugenol,93-15-2,C=CCc1ccc(OC)c(OC)c1,ph2,59.48835323,training
DTXSID8047264,CP-283097,171866-31-2,Oc1ccc2c(c1)OC[C@@H](N1CCC(O)(c3ccc(F)cc3)CC1)[C@H]2O,ph2,59.62516098,training
DTXSID7024241,Oxyfluorfen,42874-03-3,CCOc1cc(Oc2ccc(C(F)(F)F)cc2Cl)ccc1[N+](=O)[O-],ph1_v2,59.80065538,training
DTXSID1037565,Mepronil,55814-41-0,Cc1ccccc1C(=O)Nc1cccc(OC(C)C)c1,e1k,59.84989416,training
DTXSID2024163,Linuron,330-55-2,CON(C)C(=O)Nc1ccc(Cl)c(Cl)c1,ph1_v2,60.22978347,training
DTXSID4020820,Methimazole,60-56-0,Cn1cc[nH]c1=S,ph2,60.34694954,training
DTXSID4024066,"1,2-Dinitrobenzene",528-29-0,O=[N+]([O-])c1ccccc1[N+](=O)[O-],ph2,60.91954023,training
DTXSID4027608,Terbutylazine,5915-41-3,CCNc1nc(Cl)nc(NC(C)(C)C)n1,ph2,60.96013443,training
DTXSID7032553,Flumetralin,62924-70-3,CCN(Cc1c(F)cccc1Cl)c1c([N+](=O)[O-])cc(C(F)(F)F)cc1[N+](=O)[O-],ph1_v2,61.07821476,training
DTXSID4047389,SAR 150640,433212-21-6,CCOC(=O)c1ccc(C2CCC(NC[C@H](O)COc3ccc(O)c(NS(C)(=O)=O)c3)CC2)cc1,ph2,61.40648887,training
DTXSID1035288,"(8E,10E)-8,10-Dodecadien-1-ol",33956-49-9,C/C=C/C=C/CCCCCCCO,e1k,61.86289372,training
DTXSID1023869,Ametryn,834-12-8,CCNc1nc(NC(C)C)nc(SC)n1,ph1_v2,62.07303837,training
DTXSID1040372,Epoxiconazole,133855-98-8,Fc1ccc([C@@]2(Cn3cncn3)O[C@@H]2c2ccccc2Cl)cc1,e1k,62.22772788,training
DTXSID1020148,Benzotrichloride,98-07-7,ClC(Cl)(Cl)c1ccccc1,ph2,62.42161402,training
DTXSID7020267,Chlordane,57-74-9,ClC1=C(Cl)C2(Cl)C3C(Cl)C(Cl)CC3C1(Cl)C2(Cl)Cl,ph2,62.60310564,training
DTXSID9047253,CP-401387,199171-88-5,CCc1nn(C2CCCCC2)c2cc(C3(C#N)CCC(C(=O)O)CC3)ccc12,ph2,62.73226289,training
DTXSID4024018,Dicamba,1918-00-9,COc1c(Cl)ccc(Cl)c1C(=O)O,ph1_v2,62.77768357,training
DTXSID8020915,1-Naphthaleneacetic acid,86-87-3,O=C(O)Cc1cccc2ccccc12,e1k,63.00112278,training
DTXSID6044430,"1,2-Diphenylethanone",451-40-1,O=C(Cc1ccccc1)c1ccccc1,e1k,63.13096216,training
DTXSID9036690,Diisobutyl adipate,141-04-8,CC(C)COC(=O)CCCCC(=O)OCC(C)C,ph2,63.23142337,training
DTXSID6024888,Cyclophosphamide monohydrate,6055-19-2,O=P1(N(CCCl)CCCl)NCCCO1,ph2,63.3049168,training
DTXSID4021391,Tris(methylphenyl) phosphate,1330-78-5,Cc1cc(O)ccc1OP(=O)(Oc1cc(O)ccc1C)Oc1c(C)cccc1O,e1k,63.74516835,training
DTXSID3034872,Chloridazon,1698-60-8,Nc1cnn(-c2ccccc2)c(=O)c1Cl,ph1_v2,63.89055408,training
DTXSID5047297,CP-085958,134002-60-1,O=C(O)c1cccc(C[C@@H]2COc3ccc(OCc4nc5cc(F)ccc5s4)cc3[C@@H]2O)c1,ph2,64.58641064,training
DTXSID4020450,Dicofol,115-32-2,OC(c1ccc(Cl)cc1)(c1ccc(Cl)cc1)C(Cl)(Cl)Cl,ph1_v2,64.60991693,training
DTXSID2020420,Propyzamide,23950-58-5,C#CC(C)(C)NC(=O)c1cc(Cl)cc(Cl)c1,ph1_v2,64.76056608,training
DTXSID7020392,Diallyl phthalate,131-17-9,C=CCOC(=O)c1ccccc1C(=O)OCC=C,ph2,65.19005679,training
DTXSID4032580,Trifloxystrobin,141517-21-7,CO/N=C(/C(=O)OC)c1ccccc1CO/N=C(\C)c1cccc(C(F)(F)F)c1,ph1_v2,65.35728498,training
DTXSID6023523,Propofol,2078-54-8,CC(C)c1cccc(C(C)C)c1O,e1k,65.9137931,training
DTXSID2026529,2-Tert-Butyl-5-methylphenol,88-60-8,Cc1ccc(C(C)(C)C)c(O)c1,ph2,66.20736321,training
DTXSID7029164,"Sodium 1,4-diisobutyl sulfosuccinate",127-39-9,CC(C)COC(=O)CC(C(=O)OCC(C)C)S(=O)(=O)O,e1k,66.31583849,training
DTXSID8032673,Pyrithiobac sodium,123343-16-8,COc1cc(OC)nc(Sc2cccc(Cl)c2C(=O)O)n1,ph1_v2,66.32238629,training
DTXSID2032552,Flufenacet,142459-58-3,CC(C)N(C(=O)COc1nnc(C(F)(F)F)s1)c1ccc(F)cc1,ph1_v2,66.83880685,training
DTXSID0032578,Thiodicarb,59669-26-0,CSC(C)=NOC(=O)N(C)SN(C)C(=O)ON=C(C)SC,ph1_v2,67.08793637,training
DTXSID1020221,"4-(1,1-Dimethylethyl)phenol",98-54-4,CC(C)(C)c1ccc(O)cc1,ph2,67.0984127,training
DTXSID5023950,Carbosulfan,55285-14-8,CCCCN(CCCC)SN(C)C(=O)Oc1cccc2c1OC(C)(C)C2,ph2,67.51472616,training
DTXSID6025143,"2,3-Dimethylphenol",526-75-0,Cc1cccc(O)c1C,e1k,67.57766037,training
DTXSID1022479,2-Ethylphenol,90-00-6,CCc1ccccc1O,e1k,68.14215934,training
DTXSID7020970,Nitrofen,1836-75-5,O=[N+]([O-])c1ccc(Oc2ccc(Cl)cc2Cl)cc1,ph2,68.35380693,training
DTXSID1026241,"3,3,5-Trimethylcyclohexyl salicylate",118-56-9,CC1CC(OC(=O)c2ccccc2O)CC(C)(C)C1,e1k,68.58014336,training
DTXSID0020943,5-Nitro-o-anisidine,99-59-2,COc1ccc([N+](=O)[O-])cc1N,ph2,68.97960366,training
DTXSID4034653,Hexaconazole,79983-71-4,CCCCC(O)(Cn1cncn1)c1ccc(Cl)cc1Cl,ph1_v2,69.02283547,training
DTXSID4047331,MK-547,331623-06-4,CCCCc1ccc2c(n1)[C@@H](c1ccc(OC)cc1CC(C)C(=O)O)C(C(=O)O)[C@H]2c1ccc2c(c1)OCO2,ph2,69.29250203,training
DTXSID7021946,1-Decanol,112-30-1,CCCCCCCCCCO,ph2,69.45296985,training
DTXSID2041252,"1,4-Diaminoanthraquinone",128-95-0,Nc1ccc(N)c2c1C(=O)c1ccccc1C2=O,e1k,69.5353237,training
DTXSID2020268,Chlorendic acid,115-28-6,O=C(O)C1C(C(=O)O)C2(Cl)C(Cl)=C(Cl)C1(Cl)C2(Cl)Cl,ph2,69.58222274,training
DTXSID5041514,(4Z)-4-Decenal,21662-09-9,CCCCC/C=C\CCC=O,e1k,69.63884791,training
DTXSID2021105,Pentachloronitrobenzene,82-68-8,O=[N+]([O-])c1c(Cl)c(Cl)c(Cl)c(Cl)c1Cl,ph1_v2,69.70968571,training
DTXSID2021781,"Dibutyl 1,2-benzenedicarboxylate",84-74-2,CCCCOC(=O)c1ccccc1C(=O)OCCCC,ph1_v2,70.78803948,training
DTXSID3020205,Benzyl butyl phthalate,85-68-7,CCCCOC(=O)c1ccccc1C(=O)OCc1ccccc1,ph2,71.09535252,training
DTXSID5026918,1-Dodecanol,112-53-8,CCCCCCCCCCCCO,ph2,71.31877391,training
DTXSID3041247,"1,3-Diphenyl-1,3-propanedione",120-46-7,O=C(CC(=O)c1ccccc1)c1ccccc1,e1k,71.3317372,training
DTXSID1032309,"2,4-D-Butotyl",1929-73-3,CCCCOCCOC(=O)COc1ccc(Cl)cc1Cl,e1k,71.82095626,training
DTXSID1032519,Acibenzolar-S-methyl,135158-54-2,CSC(=O)c1cccc2nnsc12,ph1_v2,72.22019789,training
DTXSID8034956,Tetraconazole,112281-77-3,FC(F)C(F)(F)OCC(Cn1cncn1)c1ccc(Cl)cc1Cl,ph1_v2,72.25046397,training
DTXSID5042299,4-Isopropylphenol,99-89-8,CC(C)c1ccc(O)cc1,e1k,73.20978825,training
DTXSID7041623,Benodanil,15310-01-7,O=C(Nc1ccccc1)c1ccccc1I,ph2,73.64267343,training
DTXSID5020819,Methidathion,950-37-8,COc1nn(CSP(=S)(OC)OC)c(=O)s1,ph1_v2,73.86831852,training
DTXSID8027826,Dicyclohexyl sodium sulfosuccinate,23386-52-9,O=C(CC(C(=O)OC1CCCCC1)S(=O)(=O)O)OC1CCCCC1,e1k,74.02007722,training
DTXSID7020764,Chlorpropham,101-21-3,CC(C)OC(=O)Nc1cccc(Cl)c1,ph1_v2,74.24083488,training
DTXSID2025505,Linoleic acid,60-33-3,CCCCC/C=C\C/C=C\CCCCCCCC(=O)O,e1k,74.51714854,training
DTXSID7032470,Propetamphos,31218-83-4,CCNP(=S)(OC)O/C(C)=C/C(=O)OC(C)C,ph1_v2,74.60388346,training
DTXSID0020529,"2,4-Dinitrotoluene",121-14-2,Cc1ccc([N+](=O)[O-])cc1[N+](=O)[O-],ph2,74.69007594,training
DTXSID4020791,Malathion,121-75-5,CCOC(=O)CC(SP(=S)(OC)OC)C(=O)OCC,ph1_v2,74.95091315,training
DTXSID6032516,2-Hydroxyethyl octyl sulfide,3547-33-9,CCCCCCCCSCCO,e1k,74.97331097,training
DTXSID2022254,Terbufos,13071-79-9,CCOP(=S)(OCC)SCSC(C)(C)C,ph2,75.27832942,training
DTXSID6022422,"4,4'-Diaminobiphenyl methane",101-77-9,Nc1ccc(Cc2ccc(N)cc2)cc1,ph2,75.27946713,training
DTXSID3022247,Nerolidol,7212-44-4,C=CC(C)(O)CCC=C(C)CCC=C(C)C,e1k,75.36146264,training
DTXSID3041663,Benzyl cinnamate,103-41-3,O=C(C=Cc1ccccc1)OCc1ccccc1,e1k,75.37915058,training
DTXSID7034676,Isazofos,42509-80-8,CCOP(=S)(OCC)Oc1nc(Cl)n(C(C)C)n1,ph1_v2,75.60920129,training
DTXSID8024109,Flutolanil,66332-96-5,CC(C)Oc1cccc(NC(=O)c2ccccc2C(F)(F)F)c1,ph1_v2,75.62871513,training
DTXSID7032424,Mesotrione,104206-82-8,CS(=O)(=O)c1ccc(C(=O)C2C(=O)CCCC2=O)c([N+](=O)[O-])c1,ph1_v2,75.82426993,training
DTXSID0024216,Nitrapyrin,1929-82-4,Clc1cccc(C(Cl)(Cl)Cl)n1,ph1_v2,76.00527179,training
DTXSID3027875,Glyceryl monooleate,25496-72-4,CCCCCCCCC=CCCCCCCCC(=O)OCC(O)CO,e1k,76.54827586,training
DTXSID8020755,Isoniazid,54-85-3,NNC(=O)c1ccncc1,ph2,76.82100239,training
DTXSID8029157,alpha-Amyl cinnamaldehyde,122-40-7,CCCCCC(C=O)=Cc1ccccc1,e1k,77.33618963,training
DTXSID5032365,"2,6-Dichlorobenzonitrile",1194-65-6,N#Cc1c(Cl)cccc1Cl,ph1_v2,77.73828894,training
DTXSID0042400,Sodium hexyldecyl sulfate,1120-01-0,CCCCCCCCCCCCCCCCOS(=O)(=O)O,ph2,78.03867843,training
DTXSID7022174,EPN,2104-64-5,CCOP(=S)(Oc1ccc([N+](=O)[O-])cc1)c1ccccc1,ph2,78.59557706,training
DTXSID0044571,3-Isopropylphenol,618-45-1,CC(C)c1cccc(O)c1,e1k,78.86343612,training
DTXSID8037752,Diphenyl isophthalate,744-45-6,O=C(Oc1ccccc1)c1cccc(C(=O)Oc2ccccc2)c1,ph2,78.9968254,training
DTXSID4024195,2-(4-Chloro-2-methylphenoxy)acetic acid,94-74-6,Cc1cc(Cl)ccc1OCC(=O)O,ph1_v2,79.41326693,training
DTXSID1021952,Triphenyl phosphate,115-86-6,O=P(Oc1ccccc1)(Oc1ccccc1)Oc1ccccc1,ph2,79.51122311,training
DTXSID8024159,Isoxaben,82558-50-7,CCC(C)(CC)c1cc(NC(=O)c2c(OC)cccc2OC)on1,ph1_v2,79.55566314,training
DTXSID4032459,Phorate,298-02-2,CCOP(=S)(OCC)SCSCC,ph2,79.68253968,training
DTXSID3021645,Octanoic acid,124-07-2,CCCCCCCC(=O)O,ph2,80.45970373,training
DTXSID6042074,Isopropyl-o-cresol,499-75-2,Cc1ccc(C(C)C)cc1O,e1k,80.47159799,training
DTXSID1025017,Dicumyl peroxide,80-43-3,CC(C)(OOC(C)(C)c1ccccc1)c1ccccc1,ph2,80.71197901,training
DTXSID8026698,"4,4'-Dithiodimorpholine",103-34-4,C1CN(SSN2CCOCC2)CCO1,e1k,80.81409987,training
DTXSID4020959,C.I. Azoic Diazo Component 12,99-55-8,Cc1ccc([N+](=O)[O-])cc1N,ph2,80.82875841,training
DTXSID2042436,Sulisobenzone,4065-45-6,COc1cc(O)c(C(=O)c2ccccc2)cc1S(=O)(=O)O,e1k,81.21562496,training
DTXSID5047249,Fandosentan potassium salt,221246-12-4,CCc1cc(C2=C(C(=O)O)N(c3ccccc3C(F)(F)F)S(=O)(=O)c3ccccc32)cc2c1OCO2,ph2,81.26984127,training
DTXSID1026033,Sodium ethasulfate,126-92-1,CCCCC(CC)COS(=O)(=O)O,e1k,81.28354829,training
DTXSID9022528,Ethylparaben,120-47-8,CCOC(=O)c1ccc(O)cc1,ph2,81.33892423,training
DTXSID0020440,Dichlorprop,120-36-5,CC(Oc1ccc(Cl)cc1Cl)C(=O)O,ph1_v2,81.65351564,training
DTXSID7022049,"2,4,6-Trimethylphenol",527-60-6,Cc1cc(C)c(O)c(C)c1,ph2,81.68481127,training
DTXSID9044825,3-tert-Butylphenol,585-34-2,CC(C)(C)c1cccc(O)c1,e1k,81.69515205,training
DTXSID8034580,Ethofumesate,26225-79-6,CCOC1Oc2ccc(OS(C)(=O)=O)cc2C1(C)C,ph1_v2,82.63252548,training
DTXSID2040363,Diniconazole,83657-24-3,CC(C)(C)C(O)/C(=C\c1ccc(Cl)cc1Cl)n1cncn1,ph1_v2,82.68646279,training
DTXSID7032393,Fenoxycarb,72490-01-8,CCOC(=O)NCCOc1ccc(Oc2ccccc2)cc1,ph1_v2,83.73638309,training
DTXSID4021975,Diphenylamine,122-39-4,c1ccc(Nc2ccccc2)cc1,ph1_v2,83.84409117,training
DTXSID3034583,Ethyl 1-naphthaleneacetate,2122-70-5,CCOC(=O)Cc1cccc2ccccc12,e1k,83.96287548,training
DTXSID7021100,Parathion,56-38-2,CCOP(=S)(OCC)Oc1ccc([N+](=O)[O-])cc1,ph1_v2,84.14800655,training
DTXSID5034303,Fluroxypyr-meptyl,81406-37-3,CCCCCCC(C)OC(=O)COc1nc(F)c(Cl)c(N)c1Cl,ph1_v2,84.15083223,training
DTXSID0042167,Monopotassium phthalate,877-24-7,O=C(O)c1ccccc1C(=O)O,e1k,84.27612253,training
DTXSID3026647,4-Hydroxybenzoic acid,99-96-7,O=C(O)c1ccc(O)cc1,e1k,84.31918974,training
DTXSID2034627,Fluroxypyr,69377-81-7,Nc1c(Cl)c(F)nc(OCC(=O)O)c1Cl,ph1_v2,84.47569634,training
DTXSID2034700,"Acetic acid, 2-(4-chloro-2-methylphenoxy)-, sodium salt (1:1)",3653-48-3,Cc1cc(Cl)ccc1OCC(=O)O,e1k,85.1410464,training
DTXSID7032555,Flumioxazin,103361-09-7,C#CCN1C(=O)COc2cc(F)c(N3C(=O)C4=C(CCCC4)C3=O)cc21,ph1_v2,85.15021921,training
DTXSID9047540,3-Hydroxyfluorene,6344-67-8,Oc1ccc2c(c1)-c1ccccc1C2,ph2,85.29870343,training
DTXSID3042007,Glyceryl monoricinoleate,1323-38-2,CCCCCCC(O)CC=CCCCCCCCC(=O)OCC(O)CO,e1k,85.60224745,training
DTXSID4021717,4-Chloro-3-methylphenol,59-50-7,Cc1cc(O)ccc1Cl,ph2,85.78603241,training
DTXSID7042011,N-Dodecanoyl-N-methylglycine,97-78-9,CCCCCCCCCCCC(=O)N(C)CC(=O)O,e1k,85.86154624,training
DTXSID3032416,Cybutryne,28159-98-0,CSc1nc(NC2CC2)nc(NC(C)(C)C)n1,e1k,85.96614305,training
DTXSID3032628,Methoxyfenozide,161050-58-4,COc1cccc(C(=O)NN(C(=O)c2cc(C)cc(C)c2)C(C)(C)C)c1C,ph1_v2,86.01481198,training
DTXSID5034357,"N-[2,5-dichloro-4-(1,1,2,3,3,3-hexafluoropropoxy)-phenyl-aminocarbonyl]-2,6-difluorobenzamide",103055-07-8,O=C(NC(=O)c1c(F)cccc1F)Nc1cc(Cl)c(OC(F)(F)C(F)C(F)(F)F)cc1Cl,e1k,86.38079827,training
DTXSID6021030,N-Nitrosodiphenylamine,86-30-6,O=NN(c1ccccc1)c1ccccc1,ph2,86.68407311,training
DTXSID0020442,"2,4-Dichlorophenoxyacetic acid",94-75-7,O=C(O)COc1ccc(Cl)cc1Cl,ph1_v2,86.69774316,training
DTXSID4020119,Azathioprine,446-86-6,Cn1cnc([N+](=O)[O-])c1Sc1ncnc2[nH]cnc12,ph2,86.84704456,training
DTXSID0021961,Benzophenone,119-61-9,O=C(c1ccccc1)c1ccccc1,ph2,87.04340042,training
DTXSID3022409,"4,4'-Sulfonyldiphenol",80-09-1,O=S(=O)(c1ccc(O)cc1)c1ccc(O)cc1,e1k,87.73274596,training
DTXSID5020576,17alpha-Ethinylestradiol,57-63-6,C#C[C@]1(O)CC[C@H]2[C@@H]3CCc4cc(O)ccc4[C@H]3CC[C@@]21C,ph2,87.86031746,training
DTXSID4044581,2-tert-Butyl-4-ethylphenol,96-70-8,CCc1ccc(O)c(C(C)(C)C)c1,ph2,87.94632241,training
DTXSID2034625,Fluoxastrobin,361377-29-9,CO/N=C(/C1=NOCCO1)c1ccccc1Oc1ncnc(Oc2ccccc2Cl)c1F,ph1_v2,88.1985106,training
DTXSID8029153,Benzyl benzoate,120-51-4,O=C(OCc1ccccc1)c1ccccc1,e1k,88.20068133,training
DTXSID3044203,Pioglitazone hydrochloride,112529-15-4,CCc1ccc(CCOc2ccc(Cc3sc(=O)[nH]c3O)cc2)nc1,ph2,88.71480472,training
DTXSID7022413,Isoeugenol,97-54-1,CC=Cc1ccc(O)c(OC)c1,ph2,88.77561153,training
DTXSID9048514,PharmaGSID_48514,NOCAS_48514,COc1ccc(/C=C/S(=O)(=O)NC(=O)c2ccc(C)cc2Cl)cc1,ph2,88.78750253,training
DTXSID6040795,Chloramine-T trihydrate,7080-50-4,Cc1ccc(S(=O)(=O)NCl)cc1,e1k,88.88888889,training
DTXSID9020243,Captan,133-06-2,Oc1c2c(c(O)n1SC(Cl)(Cl)Cl)CC=CC2,ph1_v2,89.13080553,training
DTXSID5033836,4-Nonylphenol,104-40-5,CCCCCCCCCc1ccc(O)cc1,ph2,89.17999595,training
DTXSID4021395,Trifluralin,1582-09-8,CCCN(CCC)c1c([N+](=O)[O-])cc(C(F)(F)F)cc1[N+](=O)[O-],ph1_v2,89.20535227,training
DTXSID0040707,4-Pentylaniline,33228-44-3,CCCCCc1ccc(N)cc1,ph2,89.36826408,training
DTXSID2032344,Chlorethoxyfos,54593-83-8,CCOP(=S)(OCC)OC(Cl)C(Cl)(Cl)Cl,ph1_v2,89.57136544,training
DTXSID3032389,Farnesol,4602-84-0,CC(C)=CCCC(C)=CCCC(C)=CCO,e1k,89.97052614,training
DTXSID0021094,"4,4'-Oxydianiline",101-80-4,Nc1ccc(Oc2ccc(N)cc2)cc1,ph2,89.98480196,training
DTXSID7025895,"N-Phenyl-1,4-benzenediamine",101-54-2,Nc1ccc(Nc2ccccc2)cc1,ph2,90.0666334,training
DTXSID6021793,1-Naphthol,90-15-3,Oc1cccc2ccccc12,e1k,90.26503549,training
DTXSID2032348,Chlorophacinone,3691-35-8,O=C1c2ccccc2C(=O)C1C(=O)C(c1ccccc1)c1ccc(Cl)cc1,e1k,90.42290749,training
DTXSID4027496,"2,4-D sodium salt",2702-72-9,O=C(O)COc1ccc(Cl)cc1Cl,e1k,90.4978079,training
DTXSID1032359,Cyprodinil,121552-61-2,Cc1cc(C2CC2)nc(Nc2ccccc2)n1,ph1_v2,91.02081014,training
DTXSID8021771,4-(2-Methylbutan-2-yl)phenol,80-46-6,CCC(C)(C)c1ccc(O)cc1,ph2,91.16012867,training
DTXSID9020617,Eugenol,97-53-0,C=CCc1ccc(O)c(OC)c1,ph2,91.16935845,training
DTXSID2021151,2-Phenylphenol,90-43-7,Oc1ccccc1-c1ccccc1,ph1_v2,91.73112306,training
DTXSID1021243,Rhodamine 6G,989-38-8,CCNc1cc2[o+]c3cc(NCC)c(C)cc3c(-c3ccccc3C(=O)OCC)c2cc1C,e1k,91.8093552,training
DTXSID9047590,2-Phenylethyl benzoate,94-47-3,O=C(OCCc1ccccc1)c1ccccc1,e1k,91.85609398,training
DTXSID8035001,10-Undecenoic acid,112-38-9,C=CCCCCCCCCC(=O)O,ph2,92.55292959,training
DTXSID1020855,Methyl parathion,298-00-0,COP(=S)(OC)Oc1ccc([N+](=O)[O-])cc1,ph1_v2,92.60358807,training
DTXSID9027441,Octabenzone,1843-05-6,CCCCCCCCOc1ccc(C(=O)c2ccccc2)c(O)c1,ph2,92.65558002,training
DTXSID3026726,Citronellol,106-22-9,CC(C)=CCCC(C)CCO,ph2,92.94152009,training
DTXSID2047303,CJ-013790,179465-71-5,NC(=O)N(O)[C@@H]1C=C[C@H](Oc2cccc(Oc3ccc(F)cc3)c2)C1,ph2,92.9623771,training
DTXSID5023742,Warfarin,81-81-2,CC(=O)CC(c1ccccc1)c1c(O)c2ccccc2oc1=O,ph2,93.23186414,training
DTXSID7030307,"3,5-Dichloroaniline",626-43-7,Nc1cc(Cl)cc(Cl)c1,e1k,93.50435161,training
DTXSID9021554,Decanoic acid,334-48-5,CCCCCCCCCC(=O)O,ph2,93.65213855,training
DTXSID0032497,Triclopyr,55335-06-3,O=C(O)COc1nc(Cl)c(Cl)cc1Cl,ph1_v2,93.90808187,training
DTXSID2020262,Chloramben,133-90-4,Nc1cc(Cl)cc(C(=O)O)c1Cl,ph2,93.94335234,training
DTXSID8020620,Fenthion,55-38-9,COP(=S)(OC)Oc1ccc(SC)c(C)c1,ph1_v2,93.98902442,training
DTXSID2026076,Tannic acid,1401-55-4,O=C(OC[C@H]1O[C@@H](OC(=O)c2cc(O)c(O)c(OC(=O)c3cc(O)c(O)c(O)c3)c2)[C@H](OC(=O)c2cc(O)c(O)c(OC(=O)c3cc(O)c(O)c(O)c3)c2)[C@@H](OC(=O)c2cc(O)c(O)c(OC(=O)c3cc(O)c(O)c(O)c3)c2)[C@@H]1OC(=O)c1cc(O)c(O)c(OC(=O)c2cc(O)c(O)c(O)c2)c1)c1cc(O)c(O)c(OC(=O)c2cc(O)c(O)c(O)c2)c1,ph2,94.02106895,training
DTXSID2032558,Kresoxim-methyl,143390-89-0,CO/N=C(/C(=O)OC)c1ccccc1COc1ccccc1C,e1k,94.02587561,training
DTXSID3021641,Nonanoic acid,112-05-0,CCCCCCCCC(=O)O,ph2,94.03927921,training
DTXSID0032605,(+-)-Diclofop-methyl,51338-27-3,COC(=O)C(C)Oc1ccc(Oc2ccc(Cl)cc2Cl)cc1,ph1_v2,94.14863053,training
DTXSID4020290,"[4-Chloro-6-(2,3-xylidino)-2-pyrimidinylthio]acetic acid",50892-23-4,Cc1cccc(Nc2cc(Cl)nc(SCC(=O)O)n2)c1C,ph2,94.31745467,training
DTXSID9032533,4-Bromo-2-(4-chlorophenyl)-1-(ethoxymethyl)-5-(trifluoromethyl)-1H-pyrrole-3-carbonitrile,122453-73-0,CCOCn1c(-c2ccc(Cl)cc2)c(C#N)c(Br)c1C(F)(F)F,e1k,94.59256536,training
DTXSID1032646,N-Ethylperfluorooctanesulfonamide,4151-50-2,CCNS(=O)(=O)C(F)(F)C(F)(F)C(F)(F)C(F)(F)C(F)(F)C(F)(F)C(F)(F)C(F)(F)F,ph2,94.65502694,training
DTXSID9022360,"4-(1,1,3,3-Tetramethylbutyl)phenol",140-66-9,CC(C)(C)CC(C)(C)c1ccc(O)cc1,ph2,94.67098603,training
DTXSID1022396,Chrysin,480-40-0,O=c1cc(-c2ccccc2)oc2cc(O)cc(O)c12,e1k,94.68875456,training
DTXSID4022288,4-Hexyloxyaniline,39905-57-2,CCCCCCOc1ccc(N)cc1,e1k,94.72758621,training
DTXSID4021553,Decanal,112-31-2,CCCCCCCCCC=O,e1k,94.73850883,training
DTXSID4024436,Allura Red C.I.16035,25956-17-6,COc1cc(S(=O)(=O)O)c(C)cc1N=Nc1c(O)ccc2cc(S(=O)(=O)O)ccc12,ph2,94.84506226,training
DTXSID2032500,Triflumizole,68694-11-1,CCCOC/C(=N\c1ccc(Cl)cc1C(F)(F)F)n1ccnc1,ph1_v2,94.89291009,training
DTXSID2022048,Flavone,525-82-6,O=c1cc(-c2ccccc2)oc2ccccc12,e1k,95.05145997,training
DTXSID4022442,Bisphenol B,77-40-7,CCC(C)(c1ccc(O)cc1)c1ccc(O)cc1,ph2,95.15911622,training
DTXSID1025726,2-Nitrobenzenamine,88-74-4,Nc1ccccc1[N+](=O)[O-],e1k,95.23941246,training
DTXSID6021957,Phenyl salicylate,118-55-8,O=C(Oc1ccccc1)c1ccccc1O,e1k,95.96895494,training
DTXSID7020182,Bisphenol A,80-05-7,CC(C)(c1ccc(O)cc1)c1ccc(O)cc1,ph1_v2,96.0434313,training
DTXSID1026035,Sodium 2-mercaptobenzothiolate,2492-26-4,S=c1[nH]c2ccccc2s1,e1k,96.33378842,training
DTXSID5032600,Cyclanilide,113136-77-9,O=C(O)C1(C(=O)Nc2ccc(Cl)cc2Cl)CC1,ph1_v2,96.3948108,training
DTXSID3031862,Perfluorohexanoic acid,307-24-4,O=C(O)C(F)(F)C(F)(F)C(F)(F)C(F)(F)C(F)(F)F,ph2,96.4041212,training
DTXSID5020867,"4,4'-Methylenebis(o-toluidine)",838-88-0,Cc1cc(Cc2ccc(N)c(C)c2)ccc1N,ph2,96.53546726,training
DTXSID2029329,Tripropylene glycol monomethyl ether,25498-49-1,COCC(C)OCC(C)OC(C)CO,ph2,96.68753342,training
DTXSID0047957,Octylparaben,1219-38-1,CCCCCCCCOC(=O)c1ccc(O)cc1,e1k,96.74131274,training
DTXSID4022527,Propylparaben,94-13-3,CCCOC(=O)c1ccc(O)cc1,ph2,96.77970932,training
DTXSID2034673,Iodosulfuron methyl ester sodium salt,144550-36-7,COC(=O)c1ccc(I)cc1S(=O)(=O)NC(=O)Nc1nc(C)nc(OC)n1,ph1_v2,96.89132483,training
DTXSID9041653,Methyl 3-methylorsellinate,4707-47-5,COC(=O)c1c(C)cc(O)c(C)c1O,e1k,96.92307692,training
DTXSID5021388,"2,4,5-Trichlorophenoxyacetic acid",93-76-5,O=C(O)COc1cc(Cl)c(Cl)cc1Cl,e1k,97.0996139,training
DTXSID3032464,Profenofos,41198-08-7,CCCSP(=O)(OCC)Oc1ccc(Br)cc1Cl,ph1_v2,97.11075771,training
DTXSID0041721,C.I. Acid Yellow 3 disodium salt,8004-92-0,O=C1c2ccccc2C(=O)C1c1ccc2ccc(S(=O)(=O)O)cc2n1,e1k,97.27165932,training
DTXSID5022439,Phenolphthalin,81-90-3,O=C(O)c1ccccc1C(c1ccc(O)cc1)c1ccc(O)cc1,ph2,97.2961875,training
DTXSID7022332,4-(Butan-2-yl)phenol,99-71-8,CCC(C)c1ccc(O)cc1,ph2,97.51366673,training
DTXSID7024112,Fomesafen,72178-02-0,CS(=O)(=O)NC(=O)c1cc(Oc2ccc(C(F)(F)F)cc2Cl)ccc1[N+](=O)[O-],ph2,97.63592538,training
DTXSID7029241,"2,4-Bis(1-methyl-1-phenylethyl)phenol",2772-45-4,CC(C)(c1ccccc1)c1ccc(O)c(C(C)(C)c2ccccc2)c1,ph2,97.63598749,training
DTXSID6021456,FD&C Yellow 6,2783-94-0,O=S(=O)(O)c1ccc(N=Nc2c(O)ccc3cc(S(=O)(=O)O)ccc23)cc1,ph2,97.88128843,training
DTXSID6032514,"1,2-Benzenedicarboxaldehyde",643-79-8,O=Cc1ccccc1C=O,ph2,98.01636186,training
DTXSID1025809,Oleic acid,112-80-1,CCCCCCCC/C=C\CCCCCCCC(=O)O,e1k,98.16500207,training
DTXSID3022405,2-Hydroxy-4-methoxybenzophenone,131-57-7,COc1ccc(C(=O)c2ccccc2)c(O)c1,e1k,98.25844347,training
DTXSID7025217,(2-Dodecenyl)succinic anhydride,19780-11-1,CCCCCCCCCC=CCc1cc(O)oc1O,e1k,98.3876652,training
DTXSID2029298,"alpha-Sulfo-omega-(dodecyloxy)poly(oxy-1,2-ethanediyl) sodium salt",9004-82-4,CCCCCCCCCCCCOCCOS(=O)(=O)O,e1k,98.38957508,training
DTXSID2020688,Hexachlorocyclopentadiene,77-47-4,ClC1=C(Cl)C(Cl)(Cl)C(Cl)=C1Cl,ph2,98.39578895,training
DTXSID4032613,Fenitrothion,122-14-5,COP(=S)(OC)Oc1ccc([N+](=O)[O-])c(C)c1,ph1_v2,98.41964641,training
DTXSID1038321,3-Phenoxybenzoic acid,3739-38-6,O=C(O)c1cccc(Oc2ccccc2)c1,ph2,98.77457965,training
DTXSID2027593,4-Chlorobenzotrichloride,5216-25-1,Clc1ccc(C(Cl)(Cl)Cl)cc1,ph2,98.77932784,training
DTXSID4042416,Sodium myristyl sulfate,1191-50-0,CCCCCCCCCCCCCCOS(=O)(=O)O,ph2,98.79365079,training
DTXSID6024046,Paraoxon,311-45-5,CCOP(=O)(OCC)Oc1ccc([N+](=O)[O-])cc1,e1k,98.81448633,training
DTXSID7020683,"Hexachloro-1,3-butadiene",87-68-3,ClC(Cl)=C(Cl)C(Cl)=C(Cl)Cl,e1k,98.85031042,training
DTXSID4036229,Sodium decyl sulfate,142-87-0,CCCCCCCCCCOS(=O)(=O)O,e1k,98.8681944,training
DTXSID2025680,MEHP,4376-20-9,CCCCC(CC)COC(=O)c1ccccc1C(=O)O,ph1_v2,98.98715636,training
DTXSID8023719,Troglitazone,97322-87-7,Cc1c(C)c2c(c(C)c1O)CCC(C)(COc1ccc(Cc3sc(=O)[nH]c3O)cc1)O2,ph2,99.01857884,training
DTXSID8034324,Phoxim,14816-18-3,CCOP(=S)(OCC)ON=C(C#N)c1ccccc1,e1k,99.23348018,training
DTXSID4024193,Thitrol,94-81-5,Cc1cc(Cl)ccc1OCCCC(=O)O,e1k,99.31737205,training
DTXSID1038666,Chlorpyrifos oxon,5598-15-2,CCOP(=O)(OCC)Oc1nc(Cl)c(Cl)cc1Cl,ph1_v2,99.35252404,training
DTXSID3037707,Potassium perfluorobutanesulfonate,29420-49-3,O=S(=O)(O)C(F)(F)C(F)(F)C(F)(F)C(F)(F)F,ph2,99.44639833,training
DTXSID7024035,"2,4-Dichlorophenoxybutyric acid",94-82-6,O=C(O)CCCOc1ccc(Cl)cc1Cl,ph1_v2,99.44886858,training
DTXSID6032352,Chlorpyrifos-methyl,5598-13-0,COP(=S)(OC)Oc1nc(Cl)c(Cl)cc1Cl,ph1_v2,99.64754704,training
DTXSID0024000,Chlorthal-dimethyl,1861-32-1,COC(=O)c1c(Cl)c(Cl)c(C(=O)OC)c(Cl)c1Cl,ph2,99.67233908,training
DTXSID3038808,"1,3,5,7-Tetramethyl-1,3,5,7-tetravinylcyclotetrasiloxane",2554-06-5,C=C[Si]1(C)O[Si](C)(C=C)O[Si](C)(C=C)O[Si](C)(C=C)O1,e1k,99.73330936,training
DTXSID5021386,"2,4,6-Trichlorophenol",88-06-2,Oc1c(Cl)cc(Cl)cc1Cl,ph2,99.98305429,training
DTXSID7025429,6-Hydroxy-2-naphthyl disulfide,6088-51-3,Oc1ccc2cc(SSc3ccc4cc(O)ccc4c3)ccc2c1,e1k,100.0835776,training
DTXSID3020209,Butylparaben,94-26-8,CCCCOC(=O)c1ccc(O)cc1,ph2,100.0883036,training
DTXSID2037712,"4,4',4''-Ethane-1,1,1-triyltriphenol",27955-94-8,CC(c1ccc(O)cc1)(c1ccc(O)cc1)c1ccc(O)cc1,ph2,100.2396811,training
DTXSID0021125,Phenolphthalein,77-09-8,O=C1OC(c2ccc(O)cc2)(c2ccc(O)cc2)c2ccccc21,ph2,100.2485136,training
DTXSID1022508,4-Dodecylphenol,104-43-8,CCCCCCCCCCCCc1ccc(O)cc1,e1k,100.2824372,training
DTXSID7037717,Bisphenol AF,1478-61-1,Oc1ccc(C(c2ccc(O)cc2)(C(F)(F)F)C(F)(F)F)cc1,ph2,100.7015005,training
DTXSID4022446,"2,2'-Bisphenol F",2467-02-9,Oc1ccccc1Cc1ccccc1O,e1k,100.872136,training
DTXSID7021152,4-Phenylphenol,92-69-3,Oc1ccc(-c2ccccc2)cc1,e1k,100.8847375,training
DTXSID1020807,2-Mercaptobenzothiazole,149-30-4,S=c1[nH]c2ccccc2s1,ph2,100.9562014,training
DTXSID2041703,Butylnaphthalenesulfonic acid sodium salt,25638-17-9,COCC(C)OCC(C)OC(C)CO,e1k,101.0731707,training
DTXSID9047594,Sodium 4-octylbenzenesulfonate,6149-03-7,CCCCCCCCc1ccc(S(=O)(=O)O)cc1,e1k,101.2892805,training
DTXSID8047553,Perfluoroundecanoic acid,2058-94-8,O=C(O)C(F)(F)C(F)(F)C(F)(F)C(F)(F)C(F)(F)C(F)(F)C(F)(F)C(F)(F)C(F)(F)C(F)(F)F,ph2,101.3771755,training
DTXSID1032484,Temephos,3383-96-8,COP(=S)(OC)Oc1ccc(Sc2ccc(OP(=S)(OC)OC)cc2)cc1,e1k,101.6379367,training
DTXSID9020740,1-(p-Chlorobenzoyl)-5-methoxy-2-methyl-Indole-3-acetic acid,53-86-1,COc1ccc2c(c1)c(CC(=O)O)c(C)n2C(=O)c1ccc(Cl)cc1,ph2,101.7060932,training
DTXSID3022162,Bromoxynil,1689-84-5,N#Cc1cc(Br)c(O)c(Br)c1,ph1_v2,101.8368449,training
DTXSID3027877,Diisodecylphenyl phosphite,25550-98-5,CC(C)CCCCCCCOP(OCCCCCCCC(C)C)Oc1ccccc1,e1k,101.9150016,training
DTXSID2022381,meso-Hexestrol,84-16-2,CC[C@H](c1ccc(O)cc1)[C@@H](CC)c1ccc(O)cc1,ph2,101.9893555,training
DTXSID1048174,FR167356,174185-16-1,Cc1oc2c(NC(=O)c3c(Cl)cccc3Cl)cccc2c1C(C)(C)O,ph2,102.0547744,training
DTXSID1037303,Perfluoroheptanoic acid,375-85-9,O=C(O)C(F)(F)C(F)(F)C(F)(F)C(F)(F)C(F)(F)C(F)(F)F,ph2,102.1818419,training
DTXSID6041719,"C.I. Acid Yellow 17, disodium salt",6359-98-4,Cc1[nH]n(-c2cc(Cl)c(S(=O)(=O)O)cc2Cl)c(=O)c1N=Nc1ccc(S(=O)(=O)O)cc1,e1k,102.2499081,training
DTXSID1026031,Sodium dodecyl sulfate,151-21-3,CCCCCCCCCCCCOS(=O)(=O)O,ph2,102.2856473,training
DTXSID3037709,Potassium perfluorohexanesulfonate,3871-99-6,O=S(=O)(O)C(F)(F)C(F)(F)C(F)(F)C(F)(F)C(F)(F)C(F)(F)F,ph2,102.4436869,training
DTXSID9022312,4-Octylphenol,1806-26-4,CCCCCCCCc1ccc(O)cc1,ph2,102.4513272,training
DTXSID6023159,Iopanoic acid,96-83-3,CCC(Cc1c(I)cc(I)c(N)c1I)C(=O)O,e1k,102.4757709,training
DTXSID4020458,Chlorpyrifos,2921-88-2,CCOP(=S)(OCC)Oc1nc(Cl)c(Cl)cc1Cl,ph2,102.7779406,training
DTXSID3031860,Perfluorodecanoic acid,335-76-2,O=C(O)C(F)(F)C(F)(F)C(F)(F)C(F)(F)C(F)(F)C(F)(F)C(F)(F)C(F)(F)C(F)(F)F,ph2,102.8531882,training
DTXSID0020022,Acifluorfen,50594-66-6,O=C(O)c1cc(Oc2ccc(C(F)(F)F)cc2Cl)ccc1[N+](=O)[O-],ph1_v2,102.9043768,training
DTXSID3025091,C.I. Disperse Black 6,119-90-4,COc1cc(-c2ccc(N)c(OC)c2)ccc1N,ph2,102.9076325,training
DTXSID3041530,"7-Ethyl-2-methyl-4-undecanolsulfate, sodium salt",139-88-8,CCCCC(CC)CCC(CC(C)C)OS(=O)(=O)O,e1k,102.956318,training
DTXSID6022391,Apigenin,520-36-5,O=c1cc(-c2ccc(O)cc2)oc2cc(O)cc(O)c12,e1k,102.9588534,training
DTXSID4022523,Heptyl p-hydroxybenzoate,1085-12-7,CCCCCCCOC(=O)c1ccc(O)cc1,e1k,103.0111993,training
DTXSID0021834,4-Nitrophenol,100-02-7,O=[N+]([O-])c1ccc(O)cc1,ph2,103.0410661,training
DTXSID3022536,4-Cumylphenol,599-64-4,CC(C)(c1ccccc1)c1ccc(O)cc1,ph2,103.0545157,training
DTXSID2044713,Acid Red 337,67786-14-5,Nc1ccc2cc(S(=O)(=O)O)cc(O)c2c1N=Nc1ccccc1C(F)(F)F,e1k,103.0652447,training
DTXSID3038939,Perfluorooctanesulfonamide,754-91-6,NS(=O)(=O)C(F)(F)C(F)(F)C(F)(F)C(F)(F)C(F)(F)C(F)(F)C(F)(F)C(F)(F)F,ph2,103.0823032,training
DTXSID8022408,Phenol red,143-74-8,O=S1(=O)OC(c2ccc(O)cc2)(c2ccc(O)cc2)c2ccccc21,e1k,103.1453744,training
DTXSID3020465,Diethylstilbestrol,56-53-1,CC=C(c1ccc(O)cc1)C(CC)c1ccc(O)cc1,ph2,103.2,training
DTXSID9022526,Benzyl 4-hydroxybenzoate,94-18-8,O=C(OCc1ccccc1)c1ccc(O)cc1,e1k,103.2400343,training
DTXSID9034492,"4-Chloro-2-cyano-N,N-dimethyl-5-(4-methylphenyl)-1H-imidazole-1-sulfonamide",120116-88-3,Cc1ccc(-c2c(Cl)nc(C#N)n2S(=O)(=O)N(C)C)cc1,ph1_v2,103.3406817,training
DTXSID5041726,C.I. Direct Red 81 disodium salt,2610-11-9,O=C(Nc1ccc2c(O)c(N=Nc3ccc(N=Nc4ccc(S(=O)(=O)O)cc4)cc3)c(S(=O)(=O)O)cc2c1)c1ccccc1,e1k,103.3685571,training
DTXSID4024359,"2,4,5-Trichlorophenol",95-95-4,Oc1cc(Cl)c(Cl)cc1Cl,ph2,103.415873,training
DTXSID8031865,Perfluorooctanoic acid,335-67-1,O=C(O)C(F)(F)C(F)(F)C(F)(F)C(F)(F)C(F)(F)C(F)(F)C(F)(F)F,ph1_v2,103.5469141,training
DTXSID2027963,Isooctadecanoic acid,30399-84-9,CC(C)CCCCCCCCCCCCCCC(=O)O,e1k,103.9231338,training
DTXSID8037708,Ammonium perfluorooctanoate,3825-26-1,O=C(O)C(F)(F)C(F)(F)C(F)(F)C(F)(F)C(F)(F)C(F)(F)C(F)(F)F,ph2,104.2461399,training
DTXSID8037706,Potassium perfluorooctanesulfonate,2795-39-3,O=S(=O)(O)C(F)(F)C(F)(F)C(F)(F)C(F)(F)C(F)(F)C(F)(F)C(F)(F)C(F)(F)F,ph2,104.2610502,training
DTXSID4034576,2-Bromo-4-hydroxyacetophenone,2491-38-5,O=C(CBr)c1ccc(O)cc1,e1k,104.3015521,training
DTXSID4042418,Sodium tridecyl sulfate,3026-63-9,CCCCCCCCCCCCCOS(=O)(=O)O,e1k,104.458726,training
DTXSID8031863,Perfluorononanoic acid,375-95-1,O=C(O)C(F)(F)C(F)(F)C(F)(F)C(F)(F)C(F)(F)C(F)(F)C(F)(F)C(F)(F)F,ph2,104.705406,training
DTXSID8022959,Docusate sodium,577-11-7,CCCCC(CC)COC(=O)CC(C(=O)OCC(CC)CCCC)S(=O)(=O)O,ph2,104.7406336,training
DTXSID5021201,Gallic acid n-propyl ester,121-79-9,CCCOC(=O)c1cc(O)c(O)c(O)c1,ph2,104.7744361,training
DTXSID0042169,Monotridecyl phosphate,5116-94-9,CCCCCCCCCCCCCOP(=O)(O)O,e1k,104.857354,training
DTXSID3031864,Perfluorooctanesulfonic acid,1763-23-1,O=S(=O)(O)C(F)(F)C(F)(F)C(F)(F)C(F)(F)C(F)(F)C(F)(F)C(F)(F)C(F)(F)F,ph1_v2,104.8813908,training
DTXSID2045232,Tiratricol,51-24-1,O=C(O)Cc1cc(I)c(Oc2ccc(O)c(I)c2)c(I)c1,ph2,104.9693891,training
DTXSID7024245,Pendimethalin,40487-42-1,CCC(CC)Nc1c([N+](=O)[O-])cc(C)c(C)c1[N+](=O)[O-],ph1_v2,104.9739642,training
DTXSID6021959,"2,4,6-Tribromophenol",118-79-6,Oc1c(Br)cc(Br)cc1Br,e1k,104.9943168,training
DTXSID5020154,Clorophene,120-32-1,Oc1ccc(Cl)cc1Cc1ccccc1,ph1_v2,104.9963176,training
DTXSID7025003,"2,5-Dichlorophenol",583-78-8,Oc1cc(Cl)ccc1Cl,e1k,105.0092639,training
DTXSID5048186,Tetrac,67-30-1,O=C(O)Cc1cc(I)c(Oc2cc(I)c(O)c(I)c2)c(I)c1,ph2,105.0300418,training
DTXSID3021770,"2,2',6,6'-Tetrachlorobisphenol A",79-95-8,CC(C)(c1cc(Cl)c(O)c(Cl)c1)c1cc(Cl)c(O)c(Cl)c1,e1k,105.2011747,training
DTXSID4047882,Phenylparaben,17696-62-7,O=C(Oc1ccccc1)c1ccc(O)cc1,e1k,105.2951542,training
DTXSID7047306,CP-634384,290352-28-2,Cc1cc(NC(=O)C(=O)O)cc(C)c1Oc1ccc(O)c2c1CCC2,ph2,105.373969,training
DTXSID6021824,Dichlorophen,97-23-4,Oc1ccc(Cl)cc1Cc1cc(Cl)ccc1O,e1k,105.453933,training
DTXSID0022353,2-Chloro-4-phenylphenol,92-04-6,Oc1ccc(-c2ccccc2)c(Cl)c1,e1k,105.6841264,training
DTXSID5024059,"3,3'-Dimethylbenzidine",119-93-7,Cc1cc(-c2ccc(N)c(C)c2)ccc1N,ph2,105.7199789,training
DTXSID1026081,"3,3',5,5'-Tetrabromobisphenol A",79-94-7,CC(C)(c1cc(Br)c(O)c(Br)c1)c1cc(Br)c(O)c(Br)c1,ph2,105.7623001,training
DTXSID5032498,Triclosan,3380-34-5,Oc1cc(Cl)ccc1Oc1ccc(Cl)cc1Cl,ph1_v2,106.0030698,training
DTXSID6032518,"4,5-Dichloro-3H-1,2-dithiol-3-one",1192-52-5,O=c1ssc(Cl)c1Cl,e1k,106.6303749,training
DTXSID8022406,"2,4-Dihydroxybenzophenone",131-56-6,O=C(c1ccccc1)c1ccc(O)cc1O,e1k,106.9894442,training
DTXSID6020511,"3,3'-Dimethylbenzidine dihydrochloride",612-82-8,Cc1cc(-c2ccc(N)c(C)c2)ccc1N,e1k,107.6837499,training
DTXSID9021138,"1,4-Benzenediamine",106-50-3,Nc1ccc(N)cc1,e1k,108.1405054,training
DTXSID5047451,"C.I. Acid Yellow 11, sodium salt",6359-82-6,Cc1[nH]n(-c2ccc(S(=O)(=O)O)cc2)c(=O)c1N=Nc1ccccc1,e1k,108.344656,training
DTXSID0020523,"2,4-Dinitrophenol",51-28-5,O=[N+]([O-])c1ccc(O)c([N+](=O)[O-])c1,ph2,108.4209547,training
DTXSID5022437,Nordihydroguaiaretic acid,500-38-9,CC(Cc1ccc(O)c(O)c1)C(C)Cc1ccc(O)c(O)c1,e1k,108.5662786,training
DTXSID7032551,Fluazinam,79622-59-6,O=[N+]([O-])c1cc(C(F)(F)F)c(Cl)c([N+](=O)[O-])c1Nc1ncc(C(F)(F)F)cc1Cl,ph1_v2,108.7404655,training
DTXSID6021082,C.I. Acid Orange 10,1936-15-8,O=S(=O)(O)c1cc(S(=O)(=O)O)c2c(N=Nc3ccccc3)c(O)ccc2c1,e1k,108.8425064,training
DTXSID1021031,4-Nitrosodiphenylamine,156-10-5,O=Nc1ccc(Nc2ccccc2)cc1,e1k,108.8844668,training
DTXSID3020207,Dinoseb,88-85-7,CCC(C)c1cc([N+](=O)[O-])cc([N+](=O)[O-])c1O,ph2,109.00626,training
DTXSID1042154,Methyl red,493-52-7,CN(C)c1ccc(/N=N/c2ccccc2C(=O)O)cc1,e1k,109.087907,training
DTXSID0041646,"C.I. Acid Yellow 34, monosodium salt",6359-90-6,Cc1[nH]n(-c2cc(S(=O)(=O)O)ccc2Cl)c(=O)c1N=Nc1ccccc1,e1k,109.6030645,training
DTXSID1022053,"4,6-Dinitro-o-cresol",534-52-1,Cc1cc([N+](=O)[O-])cc([N+](=O)[O-])c1O,ph2,109.9147211,training
DTXSID5038888,Basic Blue 7,2390-60-5,CCNc1ccc(C(=C2C=CC(=[N+](CC)CC)C=C2)c2ccc(N(CC)CC)cc2)c2ccccc12,e1k,110.3187433,training
DTXSID1020485,C.I. Disperse Black 6 dihydrochloride,20325-40-0,COc1cc(-c2ccc(N)c(OC)c2)ccc1N,ph2,110.4487223,training
DTXSID1020069,o-Aminoazotoluene,97-56-3,Cc1cc(N=Nc2ccccc2C)ccc1N,ph2,111.0035784,training
DTXSID3040352,Dinocap,39300-45-3,CC=CC(=O)Oc1c([N+](=O)[O-])cc(CCCCCCCC)cc1[N+](=O)[O-],e1k,111.08062,training
